{
  "config": "config2_mixed",
  "description": "5 adversarial + 15 honest \u2014 mixed population",
  "n_seeds": 5,
  "converged_count": 3,
  "mean_eval_reward": -1.2742807829682445,
  "std_eval_reward": 0.1241275691461701,
  "mean_eval_accuracy": 0.30570546138136057,
  "std_eval_accuracy": 0.003748774091572811,
  "mean_honest_pct": 0.997313103680229,
  "std_honest_pct": 0.0021022356885753335,
  "total_training_time_s": 44146.853942632675,
  "seed_results": [
    {
      "config": "config2_mixed",
      "seed": 0,
      "converged": true,
      "converged_at": 9287,
      "episodes_trained": 9287,
      "training_time_s": 8298.679400920868,
      "eval_mean_reward": -12.017094629121104,
      "eval_std_reward": 1.4021663908578124,
      "eval_mean_accuracy": 0.5748477373917453,
      "eval_std_accuracy": 0.04204139206221397,
      "eval_mean_honest_pct": 0.6804516072434501,
      "eval_std_honest_pct": 0.047066861588746726,
      "final_env_metrics": {
        "mean_score": 0.2304557911490579,
        "mean_true_quality": 0.8003809909432634,
        "mean_reputation_accuracy": 0.5860722663215094,
        "mean_ci_width": 0.20198238129093463,
        "total_sybils": 0,
        "total_disputes_filed": 156,
        "total_ratings": 1211,
        "attacks_attempted": 0,
        "attacks_blocked": 0,
        "defense_hold_rate": 0.0,
        "defense_by_type": {
          "7": 0,
          "8": 0,
          "9": 0,
          "10": 0,
          "11": 0
        },
        "stakes": {
          "agent_0": 5648.59072962,
          "agent_1": 7389.3442,
          "agent_2": 20000.0,
          "agent_3": 7309.3442,
          "agent_4": 6973.568802,
          "agent_5": 8409.3442,
          "agent_6": 8609.3442,
          "agent_7": 10628.82,
          "agent_8": 8609.3442,
          "agent_9": 13122.0,
          "agent_10": 13122.0,
          "agent_11": 8009.3442,
          "agent_12": 9565.938,
          "agent_13": 9565.938,
          "agent_14": 8609.3442,
          "agent_15": 9065.938,
          "agent_16": 4575.3584909922,
          "agent_17": 3092.6381009921997,
          "agent_18": 7509.3442,
          "agent_19": 9565.938
        }
      }
    },
    {
      "config": "config2_mixed",
      "seed": 1,
      "converged": true,
      "converged_at": 9965,
      "episodes_trained": 9965,
      "training_time_s": 10752.675734996796,
      "eval_mean_reward": 0.029528360702206775,
      "eval_std_reward": 0.0072076792783698695,
      "eval_mean_accuracy": 0.5931945751445122,
      "eval_std_accuracy": 0.04204393619350666,
      "eval_mean_honest_pct": 1.0,
      "eval_std_honest_pct": 0.0,
      "final_env_metrics": {
        "mean_score": 0.2013070629266851,
        "mean_true_quality": 0.8174041107145869,
        "mean_reputation_accuracy": 0.6316277313760862,
        "mean_ci_width": 0.2003354896919089,
        "total_sybils": 0,
        "total_disputes_filed": 0,
        "total_ratings": 1213,
        "attacks_attempted": 0,
        "attacks_blocked": 0,
        "defense_hold_rate": 0.0,
        "defense_by_type": {
          "7": 0,
          "8": 0,
          "9": 0,
          "10": 0,
          "11": 0
        },
        "stakes": {
          "agent_0": 20000.0,
          "agent_1": 20000.0,
          "agent_2": 20000.0,
          "agent_3": 20000.0,
          "agent_4": 20000.0,
          "agent_5": 20000.0,
          "agent_6": 20000.0,
          "agent_7": 20000.0,
          "agent_8": 20000.0,
          "agent_9": 20000.0,
          "agent_10": 20000.0,
          "agent_11": 20000.0,
          "agent_12": 20000.0,
          "agent_13": 20000.0,
          "agent_14": 20000.0,
          "agent_15": 20000.0,
          "agent_16": 20000.0,
          "agent_17": 20000.0,
          "agent_18": 20000.0,
          "agent_19": 20000.0
        }
      }
    },
    {
      "config": "config2_mixed",
      "seed": 2,
      "converged": false,
      "converged_at": null,
      "episodes_trained": 10000,
      "training_time_s": 11665.318646669388,
      "eval_mean_reward": -0.15422596749388023,
      "eval_std_reward": 0.12224043245275723,
      "eval_mean_accuracy": 0.5169466949911181,
      "eval_std_accuracy": 0.035110693867276284,
      "eval_mean_honest_pct": 0.9987224967593485,
      "eval_std_honest_pct": 0.0006991082716621998,
      "final_env_metrics": {
        "mean_score": 0.2796464428088016,
        "mean_true_quality": 0.8170894218151844,
        "mean_reputation_accuracy": 0.5409075388285962,
        "mean_ci_width": 0.20447100222439385,
        "total_sybils": 0,
        "total_disputes_filed": 2,
        "total_ratings": 1293,
        "attacks_attempted": 0,
        "attacks_blocked": 0,
        "defense_hold_rate": 0.0,
        "defense_by_type": {
          "7": 0,
          "8": 0,
          "9": 0,
          "10": 0,
          "11": 0
        },
        "stakes": {
          "agent_0": 20000.0,
          "agent_1": 20000.0,
          "agent_2": 20000.0,
          "agent_3": 20000.0,
          "agent_4": 20000.0,
          "agent_5": 20000.0,
          "agent_6": 20000.0,
          "agent_7": 20000.0,
          "agent_8": 20000.0,
          "agent_9": 20000.0,
          "agent_10": 16200.0,
          "agent_11": 20000.0,
          "agent_12": 20000.0,
          "agent_13": 20000.0,
          "agent_14": 20000.0,
          "agent_15": 19900.0,
          "agent_16": 20000.0,
          "agent_17": 20000.0,
          "agent_18": 20000.0,
          "agent_19": 20000.0
        }
      }
    },
    {
      "config": "config2_mixed",
      "seed": 3,
      "converged": true,
      "converged_at": 8015,
      "episodes_trained": 8015,
      "training_time_s": 5977.97358083725,
      "eval_mean_reward": 0.29214419218931187,
      "eval_std_reward": 0.06418775901459833,
      "eval_mean_accuracy": 0.06615292418561514,
      "eval_std_accuracy": 0.008048218477769702,
      "eval_mean_honest_pct": 1.0,
      "eval_std_honest_pct": 0.0,
      "final_env_metrics": {
        "mean_score": 0.802866824983497,
        "mean_true_quality": 0.8478679054323882,
        "mean_reputation_accuracy": 0.07725004322463211,
        "mean_ci_width": 0.24871980107021835,
        "total_sybils": 0,
        "total_disputes_filed": 0,
        "total_ratings": 424,
        "attacks_attempted": 0,
        "attacks_blocked": 0,
        "defense_hold_rate": 0.0,
        "defense_by_type": {
          "7": 0,
          "8": 0,
          "9": 0,
          "10": 0,
          "11": 0
        },
        "stakes": {
          "agent_0": 20000.0,
          "agent_1": 20000.0,
          "agent_2": 20000.0,
          "agent_3": 20000.0,
          "agent_4": 20000.0,
          "agent_5": 20000.0,
          "agent_6": 20000.0,
          "agent_7": 20000.0,
          "agent_8": 20000.0,
          "agent_9": 20000.0,
          "agent_10": 20000.0,
          "agent_11": 20000.0,
          "agent_12": 20000.0,
          "agent_13": 20000.0,
          "agent_14": 20000.0,
          "agent_15": 20000.0,
          "agent_16": 20000.0,
          "agent_17": 20000.0,
          "agent_18": 20000.0,
          "agent_19": 20000.0
        }
      }
    },
    {
      "config": "config2_mixed",
      "seed": 4,
      "converged": false,
      "converged_at": null,
      "episodes_trained": 10000,
      "training_time_s": 7452.206579208374,
      "eval_mean_reward": 0.2816420912742826,
      "eval_std_reward": 0.10177473629541045,
      "eval_mean_accuracy": 0.04115661093415522,
      "eval_std_accuracy": 0.006011604051884959,
      "eval_mean_honest_pct": 1.0,
      "eval_std_honest_pct": 0.0,
      "final_env_metrics": {
        "mean_score": 0.7718227503857966,
        "mean_true_quality": 0.8004715874720668,
        "mean_reputation_accuracy": 0.04511407758394068,
        "mean_ci_width": 0.1547052218374751,
        "total_sybils": 0,
        "total_disputes_filed": 0,
        "total_ratings": 1268,
        "attacks_attempted": 1,
        "attacks_blocked": 1,