{
  "config": "config11_comprehensive",
  "description": "All 9 attack vectors simultaneously \u2014 comprehensive adversarial stress test",
  "n_seeds": 5,
  "converged_count": 2,
  "mean_eval_reward": -1.2000728290764573,
  "std_eval_reward": 1.8593298159391711,
  "mean_eval_accuracy": 0.2792604586521864,
  "std_eval_accuracy": 0.1370572959868616,
  "mean_honest_pct": 0.4,
  "std_honest_pct": 0.48989794855663565,
  "total_training_time_s": 43462.7454354763,
  "seed_results": [
    {
      "config": "config11_comprehensive",
      "seed": 0,
      "converged": false,
      "converged_at": null,
      "episodes_trained": 10000,
      "training_time_s": 13151.809564352036,
      "eval_mean_reward": 0.11947346286280199,
      "eval_std_reward": 0.009153683693844575,
      "eval_mean_accuracy": 0.45662463741802933,
      "eval_std_accuracy": 0.02756140561215306,
      "eval_mean_honest_pct": 1.0,
      "eval_std_honest_pct": 0.0,
      "final_env_metrics": {
        "mean_score": 0.36432787039890824,
        "mean_true_quality": 0.7796883282416145,
        "mean_reputation_accuracy": 0.41948274178777084,
        "mean_ci_width": 0.25050054634294916,
        "total_sybils": 0,
        "total_disputes_filed": 0,
        "total_ratings": 931,
        "attacks_attempted": 0,
        "attacks_blocked": 0,
        "defense_hold_rate": 0.0,
        "defense_by_type": {
          "7": 0,
          "8": 0,
          "9": 0,
          "10": 0,
          "11": 0
        },
        "stakes": {
          "agent_0": 20000.0,
          "agent_1": 20000.0,
          "agent_2": 20000.0,
          "agent_3": 20000.0,
          "agent_4": 20000.0,
          "agent_5": 20000.0,
          "agent_6": 20000.0,
          "agent_7": 20000.0,
          "agent_8": 20000.0,
          "agent_9": 20000.0,
          "agent_10": 20000.0,
          "agent_11": 20000.0,
          "agent_12": 20000.0,
          "agent_13": 20000.0,
          "agent_14": 20000.0,
          "agent_15": 20000.0,
          "agent_16": 20000.0,
          "agent_17": 20000.0,
          "agent_18": 20000.0,
          "agent_19": 20000.0
        }
      }
    },
    {
      "config": "config11_comprehensive",
      "seed": 1,
      "converged": true,
      "converged_at": 9293,
      "episodes_trained": 9293,
      "training_time_s": 9681.764024496078,
      "eval_mean_reward": 0.0,
      "eval_std_reward": 0.0,
      "eval_mean_accuracy": 0.30877459726884476,
      "eval_std_accuracy": 0.019403117515795293,
      "eval_mean_honest_pct": 0.0,
      "eval_std_honest_pct": 0.0,
      "final_env_metrics": {
        "mean_score": 0.5,
        "mean_true_quality": 0.7981292953651077,
        "mean_reputation_accuracy": 0.3038009064819799,
        "mean_ci_width": 0.699928582359657,
        "total_sybils": 0,
        "total_disputes_filed": 0,
        "total_ratings": 0,
        "attacks_attempted": 0,
        "attacks_blocked": 0,
        "defense_hold_rate": 0.0,
        "defense_by_type": {
          "7": 0,
          "8": 0,
          "9": 0,
          "10": 0,
          "11": 0
        },
        "stakes": {
          "agent_0": 20000.0,
          "agent_1": 20000.0,
          "agent_2": 20000.0,
          "agent_3": 20000.0,
          "agent_4": 20000.0,
          "agent_5": 20000.0,
          "agent_6": 20000.0,
          "agent_7": 20000.0,
          "agent_8": 20000.0,
          "agent_9": 20000.0,
          "agent_10": 20000.0,
          "agent_11": 20000.0,
          "agent_12": 20000.0,
          "agent_13": 20000.0,
          "agent_14": 20000.0,
          "agent_15": 20000.0,
          "agent_16": 20000.0,
          "agent_17": 20000.0,
          "agent_18": 20000.0,
          "agent_19": 20000.0
        }
      }
    },
    {
      "config": "config11_comprehensive",
      "seed": 2,
      "converged": true,
      "converged_at": 5000,
      "episodes_trained": 5000,
      "training_time_s": 4842.538561105728,
      "eval_mean_reward": -4.398749999999991,
      "eval_std_reward": 0.0,
      "eval_mean_accuracy": 0.2967758706108421,
      "eval_std_accuracy": 0.027707551523435726,
      "eval_mean_honest_pct": 0.0,
      "eval_std_honest_pct": 0.0,
      "final_env_metrics": {
        "mean_score": 0.5,
        "mean_true_quality": 0.7656323879026958,
        "mean_reputation_accuracy": 0.2656323879026957,
        "mean_ci_width": 0.699928582359657,
        "total_sybils": 40,
        "total_disputes_filed": 0,
        "total_ratings": 0,
        "attacks_attempted": 0,
        "attacks_blocked": 0,
        "defense_hold_rate": 0.0,
        "defense_by_type": {
          "7": 0,
          "8": 0,
          "9": 0,
          "10": 0,
          "11": 0
        },
        "stakes": {
          "agent_0": 0.0,
          "agent_1": 0.0,
          "agent_2": 0.0,
          "agent_3": 0.0,
          "agent_4": 0.0,
          "agent_5": 0.0,
          "agent_6": 0.0,
          "agent_7": 0.0,
          "agent_8": 0.0,
          "agent_9": 0.0,
          "agent_10": 0.0,
          "agent_11": 0.0,
          "agent_12": 0.0,
          "agent_13": 0.0,
          "agent_14": 0.0,
          "agent_15": 0.0,
          "agent_16": 0.0,
          "agent_17": 0.0,
          "agent_18": 0.0,
          "agent_19": 0.0
        }
      }
    },
    {
      "config": "config11_comprehensive",
      "seed": 3,
      "converged": false,
      "converged_at": null,
      "episodes_trained": 10000,
      "training_time_s": 7952.866662025452,
      "eval_mean_reward": 0.48891239175489754,
      "eval_std_reward": 0.01291104341737204,
      "eval_mean_accuracy": 0.032692255726963514,
      "eval_std_accuracy": 0.005021649361814978,
      "eval_mean_honest_pct": 1.0,
      "eval_std_honest_pct": 0.0,
      "final_env_metrics": {
        "mean_score": 0.7732418970280288,
        "mean_true_quality": 0.7838133148184293,
        "mean_reputation_accuracy": 0.03483062283851973,
        "mean_ci_width": 0.12566247053292132,
        "total_sybils": 0,
        "total_disputes_filed": 0,
        "total_ratings": 1803,
        "attacks_attempted": 0,
        "attacks_blocked": 0,
        "defense_hold_rate": 0.0,
        "defense_by_type": {
          "7": 0,
          "8": 0,
          "9": 0,
          "10": 0,
          "11": 0
        },
        "stakes": {
          "agent_0": 20000.0,
          "agent_1": 20000.0,
          "agent_2": 20000.0,
          "agent_3": 20000.0,
          "agent_4": 20000.0,
          "agent_5": 20000.0,
          "agent_6": 20000.0,
          "agent_7": 20000.0,
          "agent_8": 20000.0,
          "agent_9": 20000.0,
          "agent_10": 20000.0,
          "agent_11": 20000.0,
          "agent_12": 20000.0,
          "agent_13": 20000.0,
          "agent_14": 20000.0,
          "agent_15": 20000.0,
          "agent_16": 20000.0,
          "agent_17": 20000.0,
          "agent_18": 20000.0,
          "agent_19": 20000.0
        }
      }
    },
    {
      "config": "config11_comprehensive",
      "seed": 4,
      "converged": false,
      "converged_at": null,
      "episodes_trained": 10000,
      "training_time_s": 7833.766623497009,
      "eval_mean_reward": -2.209999999999995,
      "eval_std_reward": 4.440892098500626e-16,
      "eval_mean_accuracy": 0.3014349322362521,
      "eval_std_accuracy": 0.020930014613780905,
      "eval_mean_honest_pct": 0.0,
      "eval_std_honest_pct": 0.0,
      "final_env_metrics": {
        "mean_score": 0.5,
        "mean_true_quality": 0.7986436628412833,
        "mean_reputation_accuracy": 0.2986436628412833,
        "mean_ci_width": 0.699928582359657,
        "total_sybils": 20,
        "total_disputes_filed": 0,
        "total_ratings": 0,
        "attacks_attempted": 0,
        "attacks_blocked": 0,
        "defense_hold_rate": 0.0,
        "defense_by_type": {
          "7": 0,
          "8": 0,
          "9": 0,
          "10": 0,
          "11": 0
        },
        "stakes": {
          "agent_0": 10000.0,
          "agent_1": 10000.0,