{
  "config": "config9_gate_bypass",
  "description": "Attack 7: Reputation gate bypass \u2014 should be 100% blocked",
  "n_seeds": 5,
  "converged_count": 5,
  "mean_eval_reward": 0.023403376905752903,
  "std_eval_reward": 0.020932694178058042,
  "mean_eval_accuracy": 0.35499105545509224,
  "std_eval_accuracy": 0.1202942910714688,
  "mean_honest_pct": 0.6,
  "std_honest_pct": 0.48989794855663565,
  "total_training_time_s": 24134.21707725525,
  "seed_results": [
    {
      "config": "config9_gate_bypass",
      "seed": 0,
      "converged": true,
      "converged_at": 5000,
      "episodes_trained": 5000,
      "training_time_s": 5140.2369837760925,
      "eval_mean_reward": 0.02340333914344115,
      "eval_std_reward": 0.006611183689080609,
      "eval_mean_accuracy": 0.5314003716487281,
      "eval_std_accuracy": 0.04153579801592896,
      "eval_mean_honest_pct": 1.0,
      "eval_std_honest_pct": 0.0,
      "final_env_metrics": {
        "mean_score": 0.28038913785169406,
        "mean_true_quality": 0.8040315278750564,
        "mean_reputation_accuracy": 0.5426577221806583,
        "mean_ci_width": 0.3762188102250107,
        "total_sybils": 0,
        "total_disputes_filed": 0,
        "total_ratings": 251,
        "attacks_attempted": 0,
        "attacks_blocked": 0,
        "defense_hold_rate": 0.0,
        "defense_by_type": {
          "7": 0,
          "8": 0,
          "9": 0,
          "10": 0,
          "11": 0
        },
        "stakes": {
          "agent_0": 20000.0,
          "agent_1": 20000.0,
          "agent_2": 20000.0,
          "agent_3": 20000.0,
          "agent_4": 20000.0,
          "agent_5": 20000.0,
          "agent_6": 20000.0,
          "agent_7": 20000.0,
          "agent_8": 20000.0,
          "agent_9": 20000.0,
          "agent_10": 20000.0,
          "agent_11": 20000.0,
          "agent_12": 20000.0,
          "agent_13": 20000.0,
          "agent_14": 20000.0,
          "agent_15": 20000.0,
          "agent_16": 20000.0,
          "agent_17": 20000.0,
          "agent_18": 20000.0,
          "agent_19": 20000.0
        }
      }
    },
    {
      "config": "config9_gate_bypass",
      "seed": 1,
      "converged": true,
      "converged_at": 5000,
      "episodes_trained": 5000,
      "training_time_s": 4643.517470598221,
      "eval_mean_reward": 0.0,
      "eval_std_reward": 0.0,
      "eval_mean_accuracy": 0.3017931921500497,
      "eval_std_accuracy": 0.035607767736876655,
      "eval_mean_honest_pct": 0.0,
      "eval_std_honest_pct": 0.0,
      "final_env_metrics": {
        "mean_score": 0.5,
        "mean_true_quality": 0.8073128616642793,
        "mean_reputation_accuracy": 0.31088029391905364,
        "mean_ci_width": 0.699928582359657,
        "total_sybils": 0,
        "total_disputes_filed": 0,
        "total_ratings": 0,
        "attacks_attempted": 0,
        "attacks_blocked": 0,
        "defense_hold_rate": 0.0,
        "defense_by_type": {
          "7": 0,
          "8": 0,
          "9": 0,
          "10": 0,
          "11": 0
        },
        "stakes": {
          "agent_0": 20000.0,
          "agent_1": 20000.0,
          "agent_2": 20000.0,
          "agent_3": 20000.0,
          "agent_4": 20000.0,
          "agent_5": 20000.0,
          "agent_6": 20000.0,
          "agent_7": 20000.0,
          "agent_8": 20000.0,
          "agent_9": 20000.0,
          "agent_10": 20000.0,
          "agent_11": 20000.0,
          "agent_12": 20000.0,
          "agent_13": 20000.0,
          "agent_14": 20000.0,
          "agent_15": 20000.0,
          "agent_16": 20000.0,
          "agent_17": 20000.0,
          "agent_18": 20000.0,
          "agent_19": 20000.0
        }
      }
    },
    {
      "config": "config9_gate_bypass",
      "seed": 2,
      "converged": true,
      "converged_at": 5000,
      "episodes_trained": 5000,
      "training_time_s": 4916.760867357254,
      "eval_mean_reward": 0.046721749589203686,
      "eval_std_reward": 0.052210417601841974,
      "eval_mean_accuracy": 0.19519765999977937,
      "eval_std_accuracy": 0.023283952571401034,
      "eval_mean_honest_pct": 1.0,
      "eval_std_honest_pct": 0.0,
      "final_env_metrics": {
        "mean_score": 0.6417962509615802,
        "mean_true_quality": 0.7745373192402151,
        "mean_reputation_accuracy": 0.14084933062745267,
        "mean_ci_width": 0.5654213655437301,
        "total_sybils": 0,
        "total_disputes_filed": 0,
        "total_ratings": 60,
        "attacks_attempted": 0,
        "attacks_blocked": 0,
        "defense_hold_rate": 0.0,
        "defense_by_type": {
          "7": 0,
          "8": 0,
          "9": 0,
          "10": 0,
          "11": 0
        },
        "stakes": {
          "agent_0": 20000.0,
          "agent_1": 20000.0,
          "agent_2": 20000.0,
          "agent_3": 20000.0,
          "agent_4": 20000.0,
          "agent_5": 20000.0,
          "agent_6": 20000.0,
          "agent_7": 20000.0,
          "agent_8": 20000.0,
          "agent_9": 20000.0,
          "agent_10": 20000.0,
          "agent_11": 20000.0,
          "agent_12": 20000.0,
          "agent_13": 20000.0,
          "agent_14": 20000.0,
          "agent_15": 20000.0,
          "agent_16": 20000.0,
          "agent_17": 20000.0,
          "agent_18": 20000.0,
          "agent_19": 20000.0
        }
      }
    },
    {
      "config": "config9_gate_bypass",
      "seed": 3,
      "converged": true,
      "converged_at": 5000,
      "episodes_trained": 5000,
      "training_time_s": 4448.042002916336,
      "eval_mean_reward": 0.046891795796119684,
      "eval_std_reward": 0.006786201113359937,
      "eval_mean_accuracy": 0.4513854016005306,
      "eval_std_accuracy": 0.0370546876733971,
      "eval_mean_honest_pct": 1.0,
      "eval_std_honest_pct": 0.0,
      "final_env_metrics": {
        "mean_score": 0.3707577168928844,
        "mean_true_quality": 0.8011002983090094,
        "mean_reputation_accuracy": 0.43034258141612514,
        "mean_ci_width": 0.3199600996673782,
        "total_sybils": 0,
        "total_disputes_filed": 0,
        "total_ratings": 428,
        "attacks_attempted": 0,
        "attacks_blocked": 0,
        "defense_hold_rate": 0.0,
        "defense_by_type": {
          "7": 0,
          "8": 0,
          "9": 0,
          "10": 0,
          "11": 0
        },
        "stakes": {
          "agent_0": 20000.0,
          "agent_1": 20000.0,
          "agent_2": 20000.0,
          "agent_3": 20000.0,
          "agent_4": 20000.0,
          "agent_5": 20000.0,
          "agent_6": 20000.0,
          "agent_7": 20000.0,
          "agent_8": 20000.0,
          "agent_9": 20000.0,
          "agent_10": 20000.0,
          "agent_11": 20000.0,
          "agent_12": 20000.0,
          "agent_13": 20000.0,
          "agent_14": 20000.0,
          "agent_15": 20000.0,
          "agent_16": 20000.0,
          "agent_17": 20000.0,
          "agent_18": 20000.0,
          "agent_19": 20000.0
        }
      }
    },
    {
      "config": "config9_gate_bypass",
      "seed": 4,
      "converged": true,
      "converged_at": 5000,
      "episodes_trained": 5000,
      "training_time_s": 4985.659752607346,
      "eval_mean_reward": 0.0,
      "eval_std_reward": 0.0,
      "eval_mean_accuracy": 0.29517865187637354,
      "eval_std_accuracy": 0.030705654023677604,
      "eval_mean_honest_pct": 0.0,
      "eval_std_honest_pct": 0.0,
      "final_env_metrics": {
        "mean_score": 0.5,
        "mean_true_quality": 0.8328937244328236,
        "mean_reputation_accuracy": 0.3328937244328235,
        "mean_ci_width": 0.699928582359657,
        "total_sybils": 0,
        "total_disputes_filed": 0,
        "total_ratings": 0,
        "attacks_attempted": 0,
        "attacks_blocked": 0,
        "defense_hold_rate": 0.0,
        "defense_by_type": {
          "7": 0,
          "8": 0,
          "9": 0,
          "10": 0,
          "11": 0
        },
        "stakes": {
          "agent_0": 20000.0,