{
  "config": "config5_adaptive",
  "description": "Adaptive adversary \u2014 5 agents with 2x reputation-gain reward (breaking point)",
  "n_seeds": 5,
  "converged_count": 3,
  "mean_eval_reward": 0.24753108073538743,
  "std_eval_reward": 0.13179188234648287,
  "mean_eval_accuracy": 0.1915976292993574,
  "std_eval_accuracy": 0.1912886030224426,
  "mean_honest_pct": 0.9999541955033739,
  "std_honest_pct": 9.160899325202365e-05,
  "total_training_time_s": 92761.36742329597,
  "seed_results": [
    {
      "config": "config5_adaptive",
      "seed": 0,
      "converged": false,
      "converged_at": null,
      "episodes_trained": 30000,
      "training_time_s": 28336.211308002472,
      "eval_mean_reward": 0.40322193604214746,
      "eval_std_reward": 0.014368755820939667,
      "eval_mean_accuracy": 0.042456424319677596,
      "eval_std_accuracy": 0.008537485650189828,
      "eval_mean_honest_pct": 1.0,
      "eval_std_honest_pct": 0.0,
      "final_env_metrics": {
        "mean_score": 0.7884895437047688,
        "mean_true_quality": 0.8115728622795167,
        "mean_reputation_accuracy": 0.05240445041721982,
        "mean_ci_width": 0.16426754142494032,
        "total_sybils": 0,
        "total_disputes_filed": 0,
        "total_ratings": 1017,
        "attacks_attempted": 0,
        "attacks_blocked": 0,
        "defense_hold_rate": 0.0,
        "defense_by_type": {
          "7": 0,
          "8": 0,
          "9": 0,
          "10": 0,
          "11": 0
        },
        "stakes": {
          "agent_0": 20000.0,
          "agent_1": 20000.0,
          "agent_2": 20000.0,
          "agent_3": 20000.0,
          "agent_4": 20000.0,
          "agent_5": 20000.0,
          "agent_6": 20000.0,
          "agent_7": 20000.0,
          "agent_8": 20000.0,
          "agent_9": 20000.0,
          "agent_10": 20000.0,
          "agent_11": 20000.0,
          "agent_12": 20000.0,
          "agent_13": 20000.0,
          "agent_14": 20000.0,
          "agent_15": 20000.0,
          "agent_16": 20000.0,
          "agent_17": 20000.0,
          "agent_18": 20000.0,
          "agent_19": 20000.0
        }
      },
      "resumed_from_ep": 10000
    },
    {
      "config": "config5_adaptive",
      "seed": 1,
      "converged": false,
      "converged_at": null,
      "episodes_trained": 30000,
      "training_time_s": 27788.440254211426,
      "eval_mean_reward": 0.03196956244144678,
      "eval_std_reward": 0.07353637266591084,
      "eval_mean_accuracy": 0.567356147626781,
      "eval_std_accuracy": 0.04259080896682938,
      "eval_mean_honest_pct": 0.9997709775168699,
      "eval_std_honest_pct": 0.0005871677684060418,
      "final_env_metrics": {
        "mean_score": 0.24716426450028503,
        "mean_true_quality": 0.7833359537685681,
        "mean_reputation_accuracy": 0.5370746307683265,
        "mean_ci_width": 0.23430110123340148,
        "total_sybils": 0,
        "total_disputes_filed": 0,
        "total_ratings": 950,
        "attacks_attempted": 0,
        "attacks_blocked": 0,
        "defense_hold_rate": 0.0,
        "defense_by_type": {
          "7": 0,
          "8": 0,
          "9": 0,
          "10": 0,
          "11": 0
        },
        "stakes": {
          "agent_0": 20000.0,
          "agent_1": 20000.0,
          "agent_2": 20000.0,
          "agent_3": 20000.0,
          "agent_4": 20000.0,
          "agent_5": 20000.0,
          "agent_6": 20000.0,
          "agent_7": 20000.0,
          "agent_8": 20000.0,
          "agent_9": 20000.0,
          "agent_10": 20000.0,
          "agent_11": 20000.0,
          "agent_12": 20000.0,
          "agent_13": 20000.0,
          "agent_14": 20000.0,
          "agent_15": 20000.0,
          "agent_16": 20000.0,
          "agent_17": 20000.0,
          "agent_18": 20000.0,
          "agent_19": 20000.0
        }
      },
      "resumed_from_ep": 10000
    },
    {
      "config": "config5_adaptive",
      "seed": 2,
      "converged": true,
      "converged_at": 7290,
      "episodes_trained": 7290,
      "training_time_s": 7507.534466505051,
      "eval_mean_reward": 0.1807508491714221,
      "eval_std_reward": 0.021648882744314493,
      "eval_mean_accuracy": 0.14485215245030042,
      "eval_std_accuracy": 0.008010970634612946,
      "eval_mean_honest_pct": 1.0,
      "eval_std_honest_pct": 0.0,
      "final_env_metrics": {
        "mean_score": 0.6081267904589153,
        "mean_true_quality": 0.7525745762688192,
        "mean_reputation_accuracy": 0.14444778580990383,
        "mean_ci_width": 0.21724485871847815,
        "total_sybils": 0,
        "total_disputes_filed": 0,
        "total_ratings": 1160,
        "attacks_attempted": 5,
        "attacks_blocked": 0,
        "defense_hold_rate": 0.0,
        "defense_by_type": {
          "7": 0,
          "8": 0,
          "9": 0,
          "10": 0,
          "11": 0
        },
        "stakes": {
          "agent_0": 20000.0,
          "agent_1": 20000.0,
          "agent_2": 20000.0,
          "agent_3": 20000.0,
          "agent_4": 20000.0,
          "agent_5": 20000.0,
          "agent_6": 20000.0,
          "agent_7": 20000.0,
          "agent_8": 20000.0,
          "agent_9": 20000.0,
          "agent_10": 20000.0,
          "agent_11": 20000.0,
          "agent_12": 20000.0,
          "agent_13": 20000.0,
          "agent_14": 20000.0,
          "agent_15": 20000.0,
          "agent_16": 20000.0,
          "agent_17": 20000.0,
          "agent_18": 20000.0,
          "agent_19": 20000.0
        }
      }
    },
    {
      "config": "config5_adaptive",
      "seed": 3,
      "converged": true,
      "converged_at": 26158,
      "episodes_trained": 26158,
      "training_time_s": 22521.01980638504,
      "eval_mean_reward": 0.3536307421695334,
      "eval_std_reward": 0.05599111632805326,
      "eval_mean_accuracy": 0.07760961421391954,
      "eval_std_accuracy": 0.01288270246627774,
      "eval_mean_honest_pct": 1.0,
      "eval_std_honest_pct": 0.0,
      "final_env_metrics": {
        "mean_score": 0.7337356198444632,
        "mean_true_quality": 0.8093399328783827,
        "mean_reputation_accuracy": 0.07852275631101266,
        "mean_ci_width": 0.17899946994122057,
        "total_sybils": 0,
        "total_disputes_filed": 0,
        "total_ratings": 1089,
        "attacks_attempted": 0,
        "attacks_blocked": 0,
        "defense_hold_rate": 0.0,
        "defense_by_type": {
          "7": 0,
          "8": 0,
          "9": 0,
          "10": 0,
          "11": 0
        },
        "stakes": {
          "agent_0": 20000.0,
          "agent_1": 20000.0,
          "agent_2": 20000.0,
          "agent_3": 20000.0,
          "agent_4": 20000.0,
          "agent_5": 20000.0,
          "agent_6": 20000.0,
          "agent_7": 20000.0,
          "agent_8": 20000.0,
          "agent_9": 20000.0,
          "agent_10": 20000.0,
          "agent_11": 20000.0,
          "agent_12": 20000.0,
          "agent_13": 20000.0,
          "agent_14": 20000.0,
          "agent_15": 20000.0,
          "agent_16": 20000.0,
          "agent_17": 20000.0,
          "agent_18": 20000.0,
          "agent_19": 20000.0
        }
      },
      "resumed_from_ep": 10000
    },
    {
      "config": "config5_adaptive",
      "seed": 4,
      "converged": true,
      "converged_at": 8783,
      "episodes_trained": 8783,
      "training_time_s": 6608.161588191986,
      "eval_mean_reward": 0.2680823138523875,
      "eval_std_reward": 0.06725415123738657,
      "eval_mean_accuracy": 0.12571380788610842,
      "eval_std_accuracy": 0.019405389548368093,
      "eval_mean_honest_pct": 1.0,
      "eval_std_honest_pct": 0.0,
      "final_env_metrics": {
        "mean_score": 0.6691458712985032,
        "mean_true_quality": 0.7654615019162441,
        "mean_reputation_accuracy": 0.10815172195706099,
        "mean_ci_width": 0.18593693415176263,
        "total_sybils": 0,
        "total_disputes_filed": 0,
        "total_ratings": 1254,