{
  "config": "config1_baseline",
  "description": "All honest agents \u2014 establish baseline Nash equilibrium",
  "n_seeds": 5,
  "converged_count": 5,
  "mean_eval_reward": 0.015150000000000002,
  "std_eval_reward": 0.030300000000000004,
  "mean_eval_accuracy": 0.36383924857040906,
  "std_eval_accuracy": 0.1679253276716285,
  "mean_honest_pct": 0.6,
  "std_honest_pct": 0.48989794855663565,
  "total_training_time_s": 25541.49704027176,
  "seed_results": [
    {
      "config": "config1_baseline",
      "seed": 0,
      "converged": true,
      "converged_at": 5000,
      "episodes_trained": 5000,
      "training_time_s": 5367.27283000946,
      "eval_mean_reward": 0.07575000000000001,
      "eval_std_reward": 0.016184483309639522,
      "eval_mean_accuracy": 0.10825734629299329,
      "eval_std_accuracy": 0.018683493698968788,
      "eval_mean_honest_pct": 1.0,
      "eval_std_honest_pct": 0.0,
      "final_env_metrics": {
        "mean_score": 0.7143724561720152,
        "mean_true_quality": 0.8096645467440909,
        "mean_reputation_accuracy": 0.10257567573770214,
        "mean_ci_width": 0.3769902201206735,
        "total_sybils": 0,
        "total_disputes_filed": 0,
        "total_ratings": 183,
        "attacks_attempted": 0,
        "attacks_blocked": 0,
        "defense_hold_rate": 0.0,
        "defense_by_type": {
          "7": 0,
          "8": 0,
          "9": 0,
          "10": 0,
          "11": 0
        },
        "stakes": {
          "agent_0": 20000.0,
          "agent_1": 20000.0,
          "agent_2": 20000.0,
          "agent_3": 20000.0,
          "agent_4": 20000.0,
          "agent_5": 20000.0,
          "agent_6": 20000.0,
          "agent_7": 20000.0,
          "agent_8": 20000.0,
          "agent_9": 20000.0,
          "agent_10": 20000.0,
          "agent_11": 20000.0,
          "agent_12": 20000.0,
          "agent_13": 20000.0,
          "agent_14": 20000.0,
          "agent_15": 20000.0,
          "agent_16": 20000.0,
          "agent_17": 20000.0,
          "agent_18": 20000.0,
          "agent_19": 20000.0
        }
      }
    },
    {
      "config": "config1_baseline",
      "seed": 1,
      "converged": true,
      "converged_at": 5000,
      "episodes_trained": 5000,
      "training_time_s": 4385.590739488602,
      "eval_mean_reward": 0.0,
      "eval_std_reward": 0.0,
      "eval_mean_accuracy": 0.3117235765946046,
      "eval_std_accuracy": 0.02885308567676212,
      "eval_mean_honest_pct": 0.0,
      "eval_std_honest_pct": 0.0,
      "final_env_metrics": {
        "mean_score": 0.5,
        "mean_true_quality": 0.8077728465625235,
        "mean_reputation_accuracy": 0.30777284656252346,
        "mean_ci_width": 0.699928582359657,
        "total_sybils": 0,
        "total_disputes_filed": 0,
        "total_ratings": 0,
        "attacks_attempted": 0,
        "attacks_blocked": 0,
        "defense_hold_rate": 0.0,
        "defense_by_type": {
          "7": 0,
          "8": 0,
          "9": 0,
          "10": 0,
          "11": 0
        },
        "stakes": {
          "agent_0": 20000.0,
          "agent_1": 20000.0,
          "agent_2": 20000.0,
          "agent_3": 20000.0,
          "agent_4": 20000.0,
          "agent_5": 20000.0,
          "agent_6": 20000.0,
          "agent_7": 20000.0,
          "agent_8": 20000.0,
          "agent_9": 20000.0,
          "agent_10": 20000.0,
          "agent_11": 20000.0,
          "agent_12": 20000.0,
          "agent_13": 20000.0,
          "agent_14": 20000.0,
          "agent_15": 20000.0,
          "agent_16": 20000.0,
          "agent_17": 20000.0,
          "agent_18": 20000.0,
          "agent_19": 20000.0
        }
      }
    },
    {
      "config": "config1_baseline",
      "seed": 2,
      "converged": true,
      "converged_at": 5000,
      "episodes_trained": 5000,
      "training_time_s": 5277.42568731308,
      "eval_mean_reward": 0.0,
      "eval_std_reward": 0.0,
      "eval_mean_accuracy": 0.5490366082608547,
      "eval_std_accuracy": 0.033940645413155,
      "eval_mean_honest_pct": 1.0,
      "eval_std_honest_pct": 0.0,
      "final_env_metrics": {
        "mean_score": 0.2426264567004981,
        "mean_true_quality": 0.8406750674984318,
        "mean_reputation_accuracy": 0.5980486107979337,
        "mean_ci_width": 0.17703717171966807,
        "total_sybils": 0,
        "total_disputes_filed": 0,
        "total_ratings": 2000,
        "attacks_attempted": 0,
        "attacks_blocked": 0,
        "defense_hold_rate": 0.0,
        "defense_by_type": {
          "7": 0,
          "8": 0,
          "9": 0,
          "10": 0,
          "11": 0
        },
        "stakes": {
          "agent_0": 20000.0,
          "agent_1": 20000.0,
          "agent_2": 20000.0,
          "agent_3": 20000.0,
          "agent_4": 20000.0,
          "agent_5": 20000.0,
          "agent_6": 20000.0,
          "agent_7": 20000.0,
          "agent_8": 20000.0,
          "agent_9": 20000.0,
          "agent_10": 20000.0,
          "agent_11": 20000.0,
          "agent_12": 20000.0,
          "agent_13": 20000.0,
          "agent_14": 20000.0,
          "agent_15": 20000.0,
          "agent_16": 20000.0,
          "agent_17": 20000.0,
          "agent_18": 20000.0,
          "agent_19": 20000.0
        }
      }
    },
    {
      "config": "config1_baseline",
      "seed": 3,
      "converged": true,
      "converged_at": 5000,
      "episodes_trained": 5000,
      "training_time_s": 5609.641570091248,
      "eval_mean_reward": 0.0,
      "eval_std_reward": 0.0,
      "eval_mean_accuracy": 0.5498996379014169,
      "eval_std_accuracy": 0.04223187449033862,
      "eval_mean_honest_pct": 1.0,
      "eval_std_honest_pct": 0.0,
      "final_env_metrics": {
        "mean_score": 0.2878643224451725,
        "mean_true_quality": 0.8020701893382023,
        "mean_reputation_accuracy": 0.5142058668930298,
        "mean_ci_width": 0.3146350847268953,
        "total_sybils": 0,
        "total_disputes_filed": 0,
        "total_ratings": 373,
        "attacks_attempted": 0,
        "attacks_blocked": 0,
        "defense_hold_rate": 0.0,
        "defense_by_type": {
          "7": 0,
          "8": 0,
          "9": 0,
          "10": 0,
          "11": 0
        },
        "stakes": {
          "agent_0": 20000.0,
          "agent_1": 20000.0,
          "agent_2": 20000.0,
          "agent_3": 20000.0,
          "agent_4": 20000.0,
          "agent_5": 20000.0,
          "agent_6": 20000.0,
          "agent_7": 20000.0,
          "agent_8": 20000.0,
          "agent_9": 20000.0,
          "agent_10": 20000.0,
          "agent_11": 20000.0,
          "agent_12": 20000.0,
          "agent_13": 20000.0,
          "agent_14": 20000.0,
          "agent_15": 20000.0,
          "agent_16": 20000.0,
          "agent_17": 20000.0,
          "agent_18": 20000.0,
          "agent_19": 20000.0
        }
      }
    },
    {
      "config": "config1_baseline",
      "seed": 4,
      "converged": true,
      "converged_at": 5000,
      "episodes_trained": 5000,
      "training_time_s": 4901.5662133693695,
      "eval_mean_reward": 0.0,
      "eval_std_reward": 0.0,
      "eval_mean_accuracy": 0.300279073802176,
      "eval_std_accuracy": 0.017126275026555473,
      "eval_mean_honest_pct": 0.0,
      "eval_std_honest_pct": 0.0,
      "final_env_metrics": {
        "mean_score": 0.5,
        "mean_true_quality": 0.8068316762249452,
        "mean_reputation_accuracy": 0.3068316762249452,
        "mean_ci_width": 0.699928582359657,
        "total_sybils": 0,
        "total_disputes_filed": 0,
        "total_ratings": 0,
        "attacks_attempted": 0,
        "attacks_blocked": 0,
        "defense_hold_rate": 0.0,
        "defense_by_type": {
          "7": 0,
          "8": 0,
          "9": 0,
          "10": 0,
          "11": 0
        },
        "stakes": {
          "agent_0": 20000.0,
          "agent_1": 20000.0,
          "agent_2": 20000.0,
          "agent_3": 20000.0,