{
  "config": "config6_self_rating",
  "description": "Attack 1: Agents attempt self-rating \u2014 should be 100% blocked",
  "n_seeds": 5,
  "converged_count": 5,
  "mean_eval_reward": 0.012166624839091379,
  "std_eval_reward": 0.01550629636548505,
  "mean_eval_accuracy": 0.3886567015519128,
  "std_eval_accuracy": 0.10509640052831164,
  "mean_honest_pct": 0.4,
  "std_honest_pct": 0.48989794855663565,
  "total_training_time_s": 27050.501120090485,
  "seed_results": [
    {
      "config": "config6_self_rating",
      "seed": 0,
      "converged": true,
      "converged_at": 5000,
      "episodes_trained": 5000,
      "training_time_s": 8269.096336126328,
      "eval_mean_reward": 0.0,
      "eval_std_reward": 0.0,
      "eval_mean_accuracy": 0.2967011957663414,
      "eval_std_accuracy": 0.02522594706256398,
      "eval_mean_honest_pct": 0.0,
      "eval_std_honest_pct": 0.0,
      "final_env_metrics": {
        "mean_score": 0.5,
        "mean_true_quality": 0.818850007836183,
        "mean_reputation_accuracy": 0.318850007836183,
        "mean_ci_width": 0.699928582359657,
        "total_sybils": 0,
        "total_disputes_filed": 0,
        "total_ratings": 0,
        "attacks_attempted": 0,
        "attacks_blocked": 0,
        "defense_hold_rate": 0.0,
        "defense_by_type": {
          "7": 0,
          "8": 0,
          "9": 0,
          "10": 0,
          "11": 0
        },
        "stakes": {
          "agent_0": 20000.0,
          "agent_1": 20000.0,
          "agent_2": 20000.0,
          "agent_3": 20000.0,
          "agent_4": 20000.0,
          "agent_5": 20000.0,
          "agent_6": 20000.0,
          "agent_7": 20000.0,
          "agent_8": 20000.0,
          "agent_9": 20000.0,
          "agent_10": 20000.0,
          "agent_11": 20000.0,
          "agent_12": 20000.0,
          "agent_13": 20000.0,
          "agent_14": 20000.0,
          "agent_15": 20000.0,
          "agent_16": 20000.0,
          "agent_17": 20000.0,
          "agent_18": 20000.0,
          "agent_19": 20000.0
        }
      }
    },
    {
      "config": "config6_self_rating",
      "seed": 1,
      "converged": true,
      "converged_at": 5000,
      "episodes_trained": 5000,
      "training_time_s": 4531.091789007187,
      "eval_mean_reward": 0.0,
      "eval_std_reward": 0.0,
      "eval_mean_accuracy": 0.29913463855368166,
      "eval_std_accuracy": 0.02804508788620595,
      "eval_mean_honest_pct": 0.0,
      "eval_std_honest_pct": 0.0,
      "final_env_metrics": {
        "mean_score": 0.5,
        "mean_true_quality": 0.790471274521838,
        "mean_reputation_accuracy": 0.2973567391389097,
        "mean_ci_width": 0.699928582359657,
        "total_sybils": 0,
        "total_disputes_filed": 0,
        "total_ratings": 0,
        "attacks_attempted": 0,
        "attacks_blocked": 0,
        "defense_hold_rate": 0.0,
        "defense_by_type": {
          "7": 0,
          "8": 0,
          "9": 0,
          "10": 0,
          "11": 0
        },
        "stakes": {
          "agent_0": 20000.0,
          "agent_1": 20000.0,
          "agent_2": 20000.0,
          "agent_3": 20000.0,
          "agent_4": 20000.0,
          "agent_5": 20000.0,
          "agent_6": 20000.0,
          "agent_7": 20000.0,
          "agent_8": 20000.0,
          "agent_9": 20000.0,
          "agent_10": 20000.0,
          "agent_11": 20000.0,
          "agent_12": 20000.0,
          "agent_13": 20000.0,
          "agent_14": 20000.0,
          "agent_15": 20000.0,
          "agent_16": 20000.0,
          "agent_17": 20000.0,
          "agent_18": 20000.0,
          "agent_19": 20000.0
        }
      }
    },
    {
      "config": "config6_self_rating",
      "seed": 2,
      "converged": true,
      "converged_at": 5000,
      "episodes_trained": 5000,
      "training_time_s": 4737.871631145477,
      "eval_mean_reward": 0.023633294630743616,
      "eval_std_reward": 0.007329712528555856,
      "eval_mean_accuracy": 0.5257967135953752,
      "eval_std_accuracy": 0.05397596203890026,
      "eval_mean_honest_pct": 1.0,
      "eval_std_honest_pct": 0.0,
      "final_env_metrics": {
        "mean_score": 0.27619072362856956,
        "mean_true_quality": 0.737201345059138,
        "mean_reputation_accuracy": 0.46101062143056837,
        "mean_ci_width": 0.33238854083609704,
        "total_sybils": 0,
        "total_disputes_filed": 0,
        "total_ratings": 397,
        "attacks_attempted": 0,
        "attacks_blocked": 0,
        "defense_hold_rate": 0.0,
        "defense_by_type": {
          "7": 0,
          "8": 0,
          "9": 0,
          "10": 0,
          "11": 0
        },
        "stakes": {
          "agent_0": 20000.0,
          "agent_1": 20000.0,
          "agent_2": 20000.0,
          "agent_3": 20000.0,
          "agent_4": 20000.0,
          "agent_5": 20000.0,
          "agent_6": 20000.0,
          "agent_7": 20000.0,
          "agent_8": 20000.0,
          "agent_9": 20000.0,
          "agent_10": 20000.0,
          "agent_11": 20000.0,
          "agent_12": 20000.0,
          "agent_13": 20000.0,
          "agent_14": 20000.0,
          "agent_15": 20000.0,
          "agent_16": 20000.0,
          "agent_17": 20000.0,
          "agent_18": 20000.0,
          "agent_19": 20000.0
        }
      }
    },
    {
      "config": "config6_self_rating",
      "seed": 3,
      "converged": true,
      "converged_at": 5000,
      "episodes_trained": 5000,
      "training_time_s": 4810.768267631531,
      "eval_mean_reward": 0.03719982956471328,
      "eval_std_reward": 0.0044438130922055735,
      "eval_mean_accuracy": 0.5082060730609741,
      "eval_std_accuracy": 0.02710843240960251,
      "eval_mean_honest_pct": 1.0,
      "eval_std_honest_pct": 0.0,
      "final_env_metrics": {
        "mean_score": 0.32959296743538735,
        "mean_true_quality": 0.8160197746455958,
        "mean_reputation_accuracy": 0.4883903210695787,
        "mean_ci_width": 0.2913952093298719,
        "total_sybils": 0,
        "total_disputes_filed": 0,
        "total_ratings": 569,
        "attacks_attempted": 0,
        "attacks_blocked": 0,
        "defense_hold_rate": 0.0,
        "defense_by_type": {
          "7": 0,
          "8": 0,
          "9": 0,
          "10": 0,
          "11": 0
        },
        "stakes": {
          "agent_0": 20000.0,
          "agent_1": 20000.0,
          "agent_2": 20000.0,
          "agent_3": 20000.0,
          "agent_4": 20000.0,
          "agent_5": 20000.0,
          "agent_6": 20000.0,
          "agent_7": 20000.0,
          "agent_8": 20000.0,
          "agent_9": 20000.0,
          "agent_10": 20000.0,
          "agent_11": 20000.0,
          "agent_12": 20000.0,
          "agent_13": 20000.0,
          "agent_14": 20000.0,
          "agent_15": 20000.0,
          "agent_16": 20000.0,
          "agent_17": 20000.0,
          "agent_18": 20000.0,
          "agent_19": 20000.0
        }
      }
    },
    {
      "config": "config6_self_rating",
      "seed": 4,
      "converged": true,
      "converged_at": 5000,
      "episodes_trained": 5000,
      "training_time_s": 4701.673096179962,
      "eval_mean_reward": 0.0,
      "eval_std_reward": 0.0,
      "eval_mean_accuracy": 0.31344488678319155,
      "eval_std_accuracy": 0.01666247426293198,
      "eval_mean_honest_pct": 0.0,
      "eval_std_honest_pct": 0.0,
      "final_env_metrics": {
        "mean_score": 0.5,
        "mean_true_quality": 0.8105009854153907,
        "mean_reputation_accuracy": 0.31050098541539084,
        "mean_ci_width": 0.699928582359657,
        "total_sybils": 0,
        "total_disputes_filed": 0,
        "total_ratings": 0,
        "attacks_attempted": 0,
        "attacks_blocked": 0,
        "defense_hold_rate": 0.0,
        "defense_by_type": {
          "7": 0,
          "8": 0,
          "9": 0,
          "10": 0,
          "11": 0
        },
        "stakes": {
          "agent_0": 20000.0,
          "agent_1": 20000.0,
          "agent_2": 20000.0,