{
  "config": "config5_adaptive",
  "description": "Adaptive adversary \u2014 5 agents with 2x reputation-gain reward (breaking point)",
  "n_seeds": 5,
  "converged_count": 2,
  "mean_eval_reward": 0.2885071815341834,
  "std_eval_reward": 0.07487917842827105,
  "mean_eval_accuracy": 0.0990998798765162,
  "std_eval_accuracy": 0.04398971658603258,
  "mean_honest_pct": 1.0,
  "std_honest_pct": 0.0,
  "total_training_time_s": 41932.66834759712,
  "seed_results": [
    {
      "config": "config5_adaptive",
      "seed": 0,
      "converged": false,
      "converged_at": null,
      "episodes_trained": 10000,
      "training_time_s": 10601.529158353806,
      "eval_mean_reward": 0.25957288439369475,
      "eval_std_reward": 0.0347856484927432,
      "eval_mean_accuracy": 0.13239913025131286,
      "eval_std_accuracy": 0.01847572703284755,
      "eval_mean_honest_pct": 1.0,
      "eval_std_honest_pct": 0.0,
      "final_env_metrics": {
        "mean_score": 0.6884067657440666,
        "mean_true_quality": 0.8094162363819357,
        "mean_reputation_accuracy": 0.12610050037917342,
        "mean_ci_width": 0.19640054759497255,
        "total_sybils": 0,
        "total_disputes_filed": 0,
        "total_ratings": 1149,
        "attacks_attempted": 0,
        "attacks_blocked": 0,
        "defense_hold_rate": 0.0,
        "defense_by_type": {
          "7": 0,
          "8": 0,
          "9": 0,
          "10": 0,
          "11": 0
        },
        "stakes": {
          "agent_0": 20000.0,
          "agent_1": 20000.0,
          "agent_2": 20000.0,
          "agent_3": 20000.0,
          "agent_4": 20000.0,
          "agent_5": 20000.0,
          "agent_6": 20000.0,
          "agent_7": 20000.0,
          "agent_8": 20000.0,
          "agent_9": 20000.0,
          "agent_10": 20000.0,
          "agent_11": 20000.0,
          "agent_12": 20000.0,
          "agent_13": 20000.0,
          "agent_14": 20000.0,
          "agent_15": 20000.0,
          "agent_16": 20000.0,
          "agent_17": 20000.0,
          "agent_18": 20000.0,
          "agent_19": 20000.0
        }
      }
    },
    {
      "config": "config5_adaptive",
      "seed": 1,
      "converged": false,
      "converged_at": null,
      "episodes_trained": 10000,
      "training_time_s": 9585.746118307114,
      "eval_mean_reward": 0.4046549630310904,
      "eval_std_reward": 0.012573702249834291,
      "eval_mean_accuracy": 0.055818865715599394,
      "eval_std_accuracy": 0.014155443543496933,
      "eval_mean_honest_pct": 1.0,
      "eval_std_honest_pct": 0.0,
      "final_env_metrics": {
        "mean_score": 0.7381503360437722,
        "mean_true_quality": 0.7658413077593041,
        "mean_reputation_accuracy": 0.060235523985062066,
        "mean_ci_width": 0.19933696495339454,
        "total_sybils": 0,
        "total_disputes_filed": 0,
        "total_ratings": 871,
        "attacks_attempted": 0,
        "attacks_blocked": 0,
        "defense_hold_rate": 0.0,
        "defense_by_type": {
          "7": 0,
          "8": 0,
          "9": 0,
          "10": 0,
          "11": 0
        },
        "stakes": {
          "agent_0": 20000.0,
          "agent_1": 20000.0,
          "agent_2": 20000.0,
          "agent_3": 20000.0,
          "agent_4": 20000.0,
          "agent_5": 20000.0,
          "agent_6": 20000.0,
          "agent_7": 20000.0,
          "agent_8": 20000.0,
          "agent_9": 20000.0,
          "agent_10": 20000.0,
          "agent_11": 20000.0,
          "agent_12": 20000.0,
          "agent_13": 20000.0,
          "agent_14": 20000.0,
          "agent_15": 20000.0,
          "agent_16": 20000.0,
          "agent_17": 20000.0,
          "agent_18": 20000.0,
          "agent_19": 20000.0
        }
      }
    },
    {
      "config": "config5_adaptive",
      "seed": 2,
      "converged": true,
      "converged_at": 7290,
      "episodes_trained": 7290,
      "training_time_s": 7507.534466505051,
      "eval_mean_reward": 0.1807508491714221,
      "eval_std_reward": 0.021648882744314493,
      "eval_mean_accuracy": 0.14485215245030042,
      "eval_std_accuracy": 0.008010970634612946,
      "eval_mean_honest_pct": 1.0,
      "eval_std_honest_pct": 0.0,
      "final_env_metrics": {
        "mean_score": 0.6081267904589153,
        "mean_true_quality": 0.7525745762688192,
        "mean_reputation_accuracy": 0.14444778580990383,
        "mean_ci_width": 0.21724485871847815,
        "total_sybils": 0,
        "total_disputes_filed": 0,
        "total_ratings": 1160,
        "attacks_attempted": 5,
        "attacks_blocked": 0,
        "defense_hold_rate": 0.0,
        "defense_by_type": {
          "7": 0,
          "8": 0,
          "9": 0,
          "10": 0,
          "11": 0
        },
        "stakes": {
          "agent_0": 20000.0,
          "agent_1": 20000.0,
          "agent_2": 20000.0,
          "agent_3": 20000.0,
          "agent_4": 20000.0,
          "agent_5": 20000.0,
          "agent_6": 20000.0,
          "agent_7": 20000.0,
          "agent_8": 20000.0,
          "agent_9": 20000.0,
          "agent_10": 20000.0,
          "agent_11": 20000.0,
          "agent_12": 20000.0,
          "agent_13": 20000.0,
          "agent_14": 20000.0,
          "agent_15": 20000.0,
          "agent_16": 20000.0,
          "agent_17": 20000.0,
          "agent_18": 20000.0,
          "agent_19": 20000.0
        }
      }
    },
    {
      "config": "config5_adaptive",
      "seed": 3,
      "converged": false,
      "converged_at": null,
      "episodes_trained": 10000,
      "training_time_s": 7629.697016239166,
      "eval_mean_reward": 0.3294748972223222,
      "eval_std_reward": 0.15153047522728255,
      "eval_mean_accuracy": 0.03671544307925988,
      "eval_std_accuracy": 0.005596987013831321,
      "eval_mean_honest_pct": 1.0,
      "eval_std_honest_pct": 0.0,
      "final_env_metrics": {
        "mean_score": 0.8016997527721864,
        "mean_true_quality": 0.8146999590550881,
        "mean_reputation_accuracy": 0.04231221791792428,
        "mean_ci_width": 0.13371200573281505,
        "total_sybils": 0,
        "total_disputes_filed": 0,
        "total_ratings": 1375,
        "attacks_attempted": 2,
        "attacks_blocked": 1,
        "defense_hold_rate": 0.5,
        "defense_by_type": {
          "7": 1,
          "8": 0,
          "9": 0,
          "10": 0,
          "11": 0
        },
        "stakes": {
          "agent_0": 20000.0,
          "agent_1": 20000.0,
          "agent_2": 20000.0,
          "agent_3": 20000.0,
          "agent_4": 18000.0,
          "agent_5": 20000.0,
          "agent_6": 20000.0,
          "agent_7": 20000.0,
          "agent_8": 20000.0,
          "agent_9": 20000.0,
          "agent_10": 20000.0,
          "agent_11": 20000.0,
          "agent_12": 20000.0,
          "agent_13": 20000.0,
          "agent_14": 20000.0,
          "agent_15": 20000.0,
          "agent_16": 20000.0,
          "agent_17": 20000.0,
          "agent_18": 20000.0,
          "agent_19": 20000.0
        }
      }
    },
    {
      "config": "config5_adaptive",
      "seed": 4,
      "converged": true,
      "converged_at": 8783,
      "episodes_trained": 8783,
      "training_time_s": 6608.161588191986,
      "eval_mean_reward": 0.2680823138523875,
      "eval_std_reward": 0.06725415123738657,
      "eval_mean_accuracy": 0.12571380788610842,
      "eval_std_accuracy": 0.019405389548368093,
      "eval_mean_honest_pct": 1.0,
      "eval_std_honest_pct": 0.0,
      "final_env_metrics": {
        "mean_score": 0.6691458712985032,
        "mean_true_quality": 0.7654615019162441,
        "mean_reputation_accuracy": 0.10815172195706099,
        "mean_ci_width": 0.18593693415176263,
        "total_sybils": 0,
        "total_disputes_filed": 0,
        "total_ratings": 1254,
        "attacks_attempted": 5,
        "attacks_blocked": 0,
        "defense_hold_rate": 0.0,
        "defense_by_type": {
          "7": 0,
          "8": 0,
          "9": 0,