{
  "config": "config10_provenance_replay",
  "description": "Attack 8: Provenance replay \u2014 should be 100% blocked",
  "n_seeds": 5,
  "converged_count": 4,
  "mean_eval_reward": -0.3660206608028917,
  "std_eval_reward": 0.3217195816323341,
  "mean_eval_accuracy": 0.2885778186634701,
  "std_eval_accuracy": 0.22118383001405575,
  "mean_honest_pct": 1.0,
  "std_honest_pct": 0.0,
  "total_training_time_s": 60173.80510044098,
  "seed_results": [
    {
      "config": "config10_provenance_replay",
      "seed": 0,
      "converged": true,
      "converged_at": 6552,
      "episodes_trained": 6552,
      "training_time_s": 16607.010261535645,
      "eval_mean_reward": -0.554933153895259,
      "eval_std_reward": 0.020601138883254554,
      "eval_mean_accuracy": 0.08131163526401566,
      "eval_std_accuracy": 0.006746617046416147,
      "eval_mean_honest_pct": 1.0,
      "eval_std_honest_pct": 0.0,
      "final_env_metrics": {
        "mean_score": 0.7393642533215387,
        "mean_true_quality": 0.796628671782635,
        "mean_reputation_accuracy": 0.07331185385526526,
        "mean_ci_width": 0.32174183895225056,
        "total_sybils": 0,
        "total_disputes_filed": 0,
        "total_ratings": 282,
        "attacks_attempted": 18,
        "attacks_blocked": 3,
        "defense_hold_rate": 0.16666666666666666,
        "defense_by_type": {
          "7": 0,
          "8": 0,
          "9": 0,
          "10": 0,
          "11": 3
        },
        "stakes": {
          "agent_0": 18000.0,
          "agent_1": 18000.0,
          "agent_2": 18000.0,
          "agent_3": 20000.0,
          "agent_4": 20000.0,
          "agent_5": 20000.0,
          "agent_6": 20000.0,
          "agent_7": 20000.0,
          "agent_8": 20000.0,
          "agent_9": 20000.0,
          "agent_10": 20000.0,
          "agent_11": 20000.0,
          "agent_12": 20000.0,
          "agent_13": 20000.0,
          "agent_14": 20000.0,
          "agent_15": 20000.0,
          "agent_16": 20000.0,
          "agent_17": 20000.0,
          "agent_18": 20000.0,
          "agent_19": 20000.0
        }
      }
    },
    {
      "config": "config10_provenance_replay",
      "seed": 1,
      "converged": true,
      "converged_at": 5529,
      "episodes_trained": 5529,
      "training_time_s": 9994.783083200455,
      "eval_mean_reward": 0.026938581984575983,
      "eval_std_reward": 0.011866507719104361,
      "eval_mean_accuracy": 0.20609430997217326,
      "eval_std_accuracy": 0.024311509802994128,
      "eval_mean_honest_pct": 1.0,
      "eval_std_honest_pct": 0.0,
      "final_env_metrics": {
        "mean_score": 0.5625941945789954,
        "mean_true_quality": 0.8151857698451582,
        "mean_reputation_accuracy": 0.2630178964389207,
        "mean_ci_width": 0.5061060881138434,
        "total_sybils": 0,
        "total_disputes_filed": 0,
        "total_ratings": 109,
        "attacks_attempted": 0,
        "attacks_blocked": 0,
        "defense_hold_rate": 0.0,
        "defense_by_type": {
          "7": 0,
          "8": 0,
          "9": 0,
          "10": 0,
          "11": 0
        },
        "stakes": {
          "agent_0": 20000.0,
          "agent_1": 20000.0,
          "agent_2": 20000.0,
          "agent_3": 20000.0,
          "agent_4": 20000.0,
          "agent_5": 20000.0,
          "agent_6": 20000.0,
          "agent_7": 20000.0,
          "agent_8": 20000.0,
          "agent_9": 20000.0,
          "agent_10": 20000.0,
          "agent_11": 20000.0,
          "agent_12": 20000.0,
          "agent_13": 20000.0,
          "agent_14": 20000.0,
          "agent_15": 20000.0,
          "agent_16": 20000.0,
          "agent_17": 20000.0,
          "agent_18": 20000.0,
          "agent_19": 20000.0
        }
      }
    },
    {
      "config": "config10_provenance_replay",
      "seed": 2,
      "converged": true,
      "converged_at": 5042,
      "episodes_trained": 5042,
      "training_time_s": 3861.6733157634735,
      "eval_mean_reward": -0.5366501688050936,
      "eval_std_reward": 0.02774123744544995,
      "eval_mean_accuracy": 0.05208768762583714,
      "eval_std_accuracy": 0.009955265290012826,
      "eval_mean_honest_pct": 1.0,
      "eval_std_honest_pct": 0.0,
      "final_env_metrics": {
        "mean_score": 0.7695848957737311,
        "mean_true_quality": 0.7732851434095389,
        "mean_reputation_accuracy": 0.038337546451646456,
        "mean_ci_width": 0.18755065688181283,
        "total_sybils": 0,
        "total_disputes_filed": 0,
        "total_ratings": 724,
        "attacks_attempted": 18,
        "attacks_blocked": 3,
        "defense_hold_rate": 0.16666666666666666,
        "defense_by_type": {
          "7": 0,
          "8": 0,
          "9": 0,
          "10": 0,
          "11": 3
        },
        "stakes": {
          "agent_0": 18000.0,
          "agent_1": 18000.0,
          "agent_2": 18000.0,
          "agent_3": 20000.0,
          "agent_4": 20000.0,
          "agent_5": 20000.0,
          "agent_6": 20000.0,
          "agent_7": 20000.0,
          "agent_8": 20000.0,
          "agent_9": 20000.0,
          "agent_10": 20000.0,
          "agent_11": 20000.0,
          "agent_12": 20000.0,
          "agent_13": 20000.0,
          "agent_14": 20000.0,
          "agent_15": 20000.0,
          "agent_16": 20000.0,
          "agent_17": 20000.0,
          "agent_18": 20000.0,
          "agent_19": 20000.0
        }
      }
    },
    {
      "config": "config10_provenance_replay",
      "seed": 3,
      "converged": true,
      "converged_at": 5000,
      "episodes_trained": 5000,
      "training_time_s": 3718.3959727287292,
      "eval_mean_reward": -0.7685658820825376,
      "eval_std_reward": 0.006860181143121859,
      "eval_mean_accuracy": 0.5365835727894059,
      "eval_std_accuracy": 0.040692590374867575,
      "eval_mean_honest_pct": 1.0,
      "eval_std_honest_pct": 0.0,
      "final_env_metrics": {
        "mean_score": 0.254692803298043,
        "mean_true_quality": 0.8099841699950868,
        "mean_reputation_accuracy": 0.5616039996169782,
        "mean_ci_width": 0.3787659619337826,
        "total_sybils": 0,
        "total_disputes_filed": 0,
        "total_ratings": 282,
        "attacks_attempted": 18,
        "attacks_blocked": 3,
        "defense_hold_rate": 0.16666666666666666,
        "defense_by_type": {
          "7": 0,
          "8": 0,
          "9": 0,
          "10": 0,
          "11": 3
        },
        "stakes": {
          "agent_0": 18000.0,
          "agent_1": 18000.0,
          "agent_2": 18000.0,
          "agent_3": 20000.0,
          "agent_4": 20000.0,
          "agent_5": 20000.0,
          "agent_6": 20000.0,
          "agent_7": 20000.0,
          "agent_8": 20000.0,
          "agent_9": 20000.0,
          "agent_10": 20000.0,
          "agent_11": 20000.0,
          "agent_12": 20000.0,
          "agent_13": 20000.0,
          "agent_14": 20000.0,
          "agent_15": 20000.0,
          "agent_16": 20000.0,
          "agent_17": 20000.0,
          "agent_18": 20000.0,
          "agent_19": 20000.0
        }
      }
    },
    {
      "config": "config10_provenance_replay",
      "seed": 4,
      "converged": false,
      "converged_at": null,
      "episodes_trained": 30000,
      "training_time_s": 25991.942467212677,
      "eval_mean_reward": 0.003107318783855679,
      "eval_std_reward": 0.07417331569948565,
      "eval_mean_accuracy": 0.5668118876659184,
      "eval_std_accuracy": 0.040181175016702035,
      "eval_mean_honest_pct": 1.0,
      "eval_std_honest_pct": 0.0,
      "final_env_metrics": {
        "mean_score": 0.23297223671886905,
        "mean_true_quality": 0.7953635325742131,
        "mean_reputation_accuracy": 0.5623912958553441,
        "mean_ci_width": 0.2277848967950657,
        "total_sybils": 0,
        "total_disputes_filed": 0,
        "total_ratings": 1015,
        "attacks_attempted": 0,
        "attacks_blocked": 0,
        "defense_hold_rate": 0.0,