{
  "config": "config3_sybil",
  "description": "Sybil attack \u2014 3 agents can create up to 5 Sybils each",
  "n_seeds": 5,
  "converged_count": 5,
  "mean_eval_reward": -0.5484156291009477,
  "std_eval_reward": 0.5477372364894362,
  "mean_eval_accuracy": 0.33898965485059007,
  "std_eval_accuracy": 0.18091913082514358,
  "mean_honest_pct": 0.8,
  "std_honest_pct": 0.4,
  "total_training_time_s": 32635.657101631165,
  "seed_results": [
    {
      "config": "config3_sybil",
      "seed": 0,
      "converged": true,
      "converged_at": 5500,
      "episodes_trained": 5500,
      "training_time_s": 6141.475934743881,
      "eval_mean_reward": -1.150070386524288,
      "eval_std_reward": 0.004539399388614909,
      "eval_mean_accuracy": 0.5965866500294867,
      "eval_std_accuracy": 0.049555182165394736,
      "eval_mean_honest_pct": 1.0,
      "eval_std_honest_pct": 0.0,
      "final_env_metrics": {
        "mean_score": 0.17834331270683831,
        "mean_true_quality": 0.8319980554466889,
        "mean_reputation_accuracy": 0.6536547427398508,
        "mean_ci_width": 0.1762138863524847,
        "total_sybils": 3,
        "total_disputes_filed": 0,
        "total_ratings": 1598,
        "attacks_attempted": 15,
        "attacks_blocked": 3,
        "defense_hold_rate": 0.2,
        "defense_by_type": {
          "7": 0,
          "8": 3,
          "9": 0,
          "10": 0,
          "11": 0
        },
        "stakes": {
          "agent_0": 8000.0,
          "agent_1": 8000.0,
          "agent_2": 8000.0,
          "agent_3": 20000.0,
          "agent_4": 20000.0,
          "agent_5": 20000.0,
          "agent_6": 20000.0,
          "agent_7": 20000.0,
          "agent_8": 20000.0,
          "agent_9": 20000.0,
          "agent_10": 20000.0,
          "agent_11": 20000.0,
          "agent_12": 20000.0,
          "agent_13": 20000.0,
          "agent_14": 20000.0,
          "agent_15": 20000.0,
          "agent_16": 20000.0,
          "agent_17": 20000.0,
          "agent_18": 20000.0,
          "agent_19": 20000.0
        }
      }
    },
    {
      "config": "config3_sybil",
      "seed": 1,
      "converged": true,
      "converged_at": 7121,
      "episodes_trained": 7121,
      "training_time_s": 7412.130276918411,
      "eval_mean_reward": 0.1067767430402905,
      "eval_std_reward": 0.016370049465646516,
      "eval_mean_accuracy": 0.10625211452924481,
      "eval_std_accuracy": 0.015062959014497215,
      "eval_mean_honest_pct": 1.0,
      "eval_std_honest_pct": 0.0,
      "final_env_metrics": {
        "mean_score": 0.7014854869637495,
        "mean_true_quality": 0.8055715371597992,
        "mean_reputation_accuracy": 0.10988064061535603,
        "mean_ci_width": 0.3774407436180151,
        "total_sybils": 0,
        "total_disputes_filed": 0,
        "total_ratings": 184,
        "attacks_attempted": 9,
        "attacks_blocked": 0,
        "defense_hold_rate": 0.0,
        "defense_by_type": {
          "7": 0,
          "8": 0,
          "9": 0,
          "10": 0,
          "11": 0
        },
        "stakes": {
          "agent_0": 20000.0,
          "agent_1": 20000.0,
          "agent_2": 20000.0,
          "agent_3": 20000.0,
          "agent_4": 20000.0,
          "agent_5": 20000.0,
          "agent_6": 20000.0,
          "agent_7": 20000.0,
          "agent_8": 20000.0,
          "agent_9": 20000.0,
          "agent_10": 20000.0,
          "agent_11": 20000.0,
          "agent_12": 20000.0,
          "agent_13": 20000.0,
          "agent_14": 20000.0,
          "agent_15": 20000.0,
          "agent_16": 20000.0,
          "agent_17": 20000.0,
          "agent_18": 20000.0,
          "agent_19": 20000.0
        }
      }
    },
    {
      "config": "config3_sybil",
      "seed": 2,
      "converged": true,
      "converged_at": 5105,
      "episodes_trained": 5105,
      "training_time_s": 5230.007757902145,
      "eval_mean_reward": 0.0,
      "eval_std_reward": 0.0,
      "eval_mean_accuracy": 0.29848581363353194,
      "eval_std_accuracy": 0.03296543830235671,
      "eval_mean_honest_pct": 0.0,
      "eval_std_honest_pct": 0.0,
      "final_env_metrics": {
        "mean_score": 0.5,
        "mean_true_quality": 0.7641370106747611,
        "mean_reputation_accuracy": 0.264137010674761,
        "mean_ci_width": 0.699928582359657,
        "total_sybils": 0,
        "total_disputes_filed": 0,
        "total_ratings": 0,
        "attacks_attempted": 0,
        "attacks_blocked": 0,
        "defense_hold_rate": 0.0,
        "defense_by_type": {
          "7": 0,
          "8": 0,
          "9": 0,
          "10": 0,
          "11": 0
        },
        "stakes": {
          "agent_0": 20000.0,
          "agent_1": 20000.0,
          "agent_2": 20000.0,
          "agent_3": 20000.0,
          "agent_4": 20000.0,
          "agent_5": 20000.0,
          "agent_6": 20000.0,
          "agent_7": 20000.0,
          "agent_8": 20000.0,
          "agent_9": 20000.0,
          "agent_10": 20000.0,
          "agent_11": 20000.0,
          "agent_12": 20000.0,
          "agent_13": 20000.0,
          "agent_14": 20000.0,
          "agent_15": 20000.0,
          "agent_16": 20000.0,
          "agent_17": 20000.0,
          "agent_18": 20000.0,
          "agent_19": 20000.0
        }
      }
    },
    {
      "config": "config3_sybil",
      "seed": 3,
      "converged": true,
      "converged_at": 7000,
      "episodes_trained": 7000,
      "training_time_s": 7252.552344799042,
      "eval_mean_reward": -0.5125826954533629,
      "eval_std_reward": 0.002964445123238931,
      "eval_mean_accuracy": 0.49063943635570856,
      "eval_std_accuracy": 0.03964250861165396,
      "eval_mean_honest_pct": 1.0,
      "eval_std_honest_pct": 0.0,
      "final_env_metrics": {
        "mean_score": 0.32166336011378605,
        "mean_true_quality": 0.7778121873668994,
        "mean_reputation_accuracy": 0.45614882725311323,
        "mean_ci_width": 0.3139399438871343,
        "total_sybils": 0,
        "total_disputes_filed": 0,
        "total_ratings": 537,
        "attacks_attempted": 3,
        "attacks_blocked": 3,
        "defense_hold_rate": 1.0,
        "defense_by_type": {
          "7": 0,
          "8": 0,
          "9": 0,
          "10": 3,
          "11": 0
        },
        "stakes": {
          "agent_0": 18000.0,
          "agent_1": 18000.0,
          "agent_2": 18000.0,
          "agent_3": 20000.0,
          "agent_4": 20000.0,
          "agent_5": 20000.0,
          "agent_6": 20000.0,
          "agent_7": 20000.0,
          "agent_8": 20000.0,
          "agent_9": 20000.0,
          "agent_10": 20000.0,
          "agent_11": 20000.0,
          "agent_12": 20000.0,
          "agent_13": 20000.0,
          "agent_14": 20000.0,
          "agent_15": 20000.0,
          "agent_16": 20000.0,
          "agent_17": 20000.0,
          "agent_18": 20000.0,
          "agent_19": 20000.0
        }
      }
    },
    {
      "config": "config3_sybil",
      "seed": 4,
      "converged": true,
      "converged_at": 7835,
      "episodes_trained": 7835,
      "training_time_s": 6599.490787267685,
      "eval_mean_reward": -1.1862018065673776,
      "eval_std_reward": 0.17637346706715662,
      "eval_mean_accuracy": 0.20298425970497846,
      "eval_std_accuracy": 0.02375207204903465,
      "eval_mean_honest_pct": 1.0,
      "eval_std_honest_pct": 0.0,
      "final_env_metrics": {
        "mean_score": 0.6066085198725011,
        "mean_true_quality": 0.7914764422901357,
        "mean_reputation_accuracy": 0.18769324733284626,
        "mean_ci_width": 0.3818584004859762,
        "total_sybils": 3,
        "total_disputes_filed": 0,
        "total_ratings": 251,
        "attacks_attempted": 3,
        "attacks_blocked": 3,
        "defense_hold_rate": 1.0,
        "defense_by_type": {
          "7": 3,
          "8": 0,
          "9": 0,
          "10": 0,
          "11": 0
        },
        "stakes": {
          "agent_0": 8000.0,