{
  "config": "config4_collusion",
  "description": "Collusion ring \u2014 4 agents share joint reward",
  "n_seeds": 5,
  "converged_count": 5,
  "mean_eval_reward": 0.027259562500000077,
  "std_eval_reward": 0.08789876393506608,
  "mean_eval_accuracy": 0.23199500980140425,
  "std_eval_accuracy": 0.1885006093803294,
  "mean_honest_pct": 1.0,
  "std_honest_pct": 0.0,
  "total_training_time_s": 33025.722477436066,
  "seed_results": [
    {
      "config": "config4_collusion",
      "seed": 0,
      "converged": true,
      "converged_at": 5000,
      "episodes_trained": 5000,
      "training_time_s": 4932.623204469681,
      "eval_mean_reward": -0.01399999999999962,
      "eval_std_reward": 0.06395017591844437,
      "eval_mean_accuracy": 0.1119624168914984,
      "eval_std_accuracy": 0.021578400020846936,
      "eval_mean_honest_pct": 1.0,
      "eval_std_honest_pct": 0.0,
      "final_env_metrics": {
        "mean_score": 0.6939678950799452,
        "mean_true_quality": 0.8334100303151857,
        "mean_reputation_accuracy": 0.15093693725033036,
        "mean_ci_width": 0.4290647887629883,
        "total_sybils": 0,
        "total_disputes_filed": 0,
        "total_ratings": 155,
        "attacks_attempted": 4,
        "attacks_blocked": 4,
        "defense_hold_rate": 1.0,
        "defense_by_type": {
          "7": 0,
          "8": 0,
          "9": 0,
          "10": 4,
          "11": 0
        },
        "stakes": {
          "agent_0": 18000.0,
          "agent_1": 18000.0,
          "agent_2": 18000.0,
          "agent_3": 18000.0,
          "agent_4": 20000.0,
          "agent_5": 20000.0,
          "agent_6": 20000.0,
          "agent_7": 20000.0,
          "agent_8": 20000.0,
          "agent_9": 20000.0,
          "agent_10": 20000.0,
          "agent_11": 20000.0,
          "agent_12": 20000.0,
          "agent_13": 20000.0,
          "agent_14": 20000.0,
          "agent_15": 20000.0,
          "agent_16": 20000.0,
          "agent_17": 20000.0,
          "agent_18": 20000.0,
          "agent_19": 20000.0
        }
      }
    },
    {
      "config": "config4_collusion",
      "seed": 1,
      "converged": true,
      "converged_at": 5000,
      "episodes_trained": 5000,
      "training_time_s": 9493.489360332489,
      "eval_mean_reward": -0.05767187499999987,
      "eval_std_reward": 0.06392510533270052,
      "eval_mean_accuracy": 0.27575040086798497,
      "eval_std_accuracy": 0.04938083605004098,
      "eval_mean_honest_pct": 1.0,
      "eval_std_honest_pct": 0.0,
      "final_env_metrics": {
        "mean_score": 0.5217189661807254,
        "mean_true_quality": 0.764416524012517,
        "mean_reputation_accuracy": 0.2426975578317916,
        "mean_ci_width": 0.27196416846174165,
        "total_sybils": 0,
        "total_disputes_filed": 0,
        "total_ratings": 670,
        "attacks_attempted": 1,
        "attacks_blocked": 1,
        "defense_hold_rate": 1.0,
        "defense_by_type": {
          "7": 0,
          "8": 0,
          "9": 1,
          "10": 0,
          "11": 0
        },
        "stakes": {
          "agent_0": 20000.0,
          "agent_1": 20000.0,
          "agent_2": 20000.0,
          "agent_3": 18000.0,
          "agent_4": 20000.0,
          "agent_5": 20000.0,
          "agent_6": 20000.0,
          "agent_7": 20000.0,
          "agent_8": 20000.0,
          "agent_9": 20000.0,
          "agent_10": 20000.0,
          "agent_11": 20000.0,
          "agent_12": 20000.0,
          "agent_13": 20000.0,
          "agent_14": 20000.0,
          "agent_15": 20000.0,
          "agent_16": 20000.0,
          "agent_17": 20000.0,
          "agent_18": 20000.0,
          "agent_19": 20000.0
        }
      }
    },
    {
      "config": "config4_collusion",
      "seed": 2,
      "converged": true,
      "converged_at": 5000,
      "episodes_trained": 5000,
      "training_time_s": 9652.487340688705,
      "eval_mean_reward": 0.19572187499999977,
      "eval_std_reward": 0.03859833462141688,
      "eval_mean_accuracy": 0.07864959057916146,
      "eval_std_accuracy": 0.016696331088267742,
      "eval_mean_honest_pct": 1.0,
      "eval_std_honest_pct": 0.0,
      "final_env_metrics": {
        "mean_score": 0.8026244920048822,
        "mean_true_quality": 0.848264256434903,
        "mean_reputation_accuracy": 0.051467908642679513,
        "mean_ci_width": 0.13705823283769636,
        "total_sybils": 0,
        "total_disputes_filed": 0,
        "total_ratings": 1508,
        "attacks_attempted": 0,
        "attacks_blocked": 0,
        "defense_hold_rate": 0.0,
        "defense_by_type": {
          "7": 0,
          "8": 0,
          "9": 0,
          "10": 0,
          "11": 0
        },
        "stakes": {
          "agent_0": 20000.0,
          "agent_1": 20000.0,
          "agent_2": 20000.0,
          "agent_3": 20000.0,
          "agent_4": 20000.0,
          "agent_5": 20000.0,
          "agent_6": 20000.0,
          "agent_7": 20000.0,
          "agent_8": 20000.0,
          "agent_9": 20000.0,
          "agent_10": 20000.0,
          "agent_11": 20000.0,
          "agent_12": 20000.0,
          "agent_13": 20000.0,
          "agent_14": 20000.0,
          "agent_15": 20000.0,
          "agent_16": 20000.0,
          "agent_17": 20000.0,
          "agent_18": 20000.0,
          "agent_19": 20000.0
        }
      }
    },
    {
      "config": "config4_collusion",
      "seed": 3,
      "converged": true,
      "converged_at": 5000,
      "episodes_trained": 5000,
      "training_time_s": 4948.124468564987,
      "eval_mean_reward": 0.02099468750000011,
      "eval_std_reward": 0.08174879364732511,
      "eval_mean_accuracy": 0.11073223299426345,
      "eval_std_accuracy": 0.021596486397132523,
      "eval_mean_honest_pct": 1.0,
      "eval_std_honest_pct": 0.0,
      "final_env_metrics": {
        "mean_score": 0.7355041706105236,
        "mean_true_quality": 0.7914949932207516,
        "mean_reputation_accuracy": 0.09014311461869708,
        "mean_ci_width": 0.33173109069128887,
        "total_sybils": 0,
        "total_disputes_filed": 0,
        "total_ratings": 278,
        "attacks_attempted": 2,
        "attacks_blocked": 2,
        "defense_hold_rate": 1.0,
        "defense_by_type": {
          "7": 0,
          "8": 0,
          "9": 1,
          "10": 1,
          "11": 0
        },
        "stakes": {
          "agent_0": 20000.0,
          "agent_1": 18000.0,
          "agent_2": 18000.0,
          "agent_3": 20000.0,
          "agent_4": 20000.0,
          "agent_5": 20000.0,
          "agent_6": 20000.0,
          "agent_7": 20000.0,
          "agent_8": 20000.0,
          "agent_9": 20000.0,
          "agent_10": 20000.0,
          "agent_11": 20000.0,
          "agent_12": 20000.0,
          "agent_13": 20000.0,
          "agent_14": 20000.0,
          "agent_15": 20000.0,
          "agent_16": 20000.0,
          "agent_17": 20000.0,
          "agent_18": 20000.0,
          "agent_19": 20000.0
        }
      }
    },
    {
      "config": "config4_collusion",
      "seed": 4,
      "converged": true,
      "converged_at": 5000,
      "episodes_trained": 5000,
      "training_time_s": 3998.9981033802032,
      "eval_mean_reward": -0.008746874999999973,
      "eval_std_reward": 0.017493754186762574,
      "eval_mean_accuracy": 0.5828804076741131,
      "eval_std_accuracy": 0.055540982652733197,
      "eval_mean_honest_pct": 1.0,
      "eval_std_honest_pct": 0.0,
      "final_env_metrics": {
        "mean_score": 0.17739660347048622,
        "mean_true_quality": 0.846752570838005,
        "mean_reputation_accuracy": 0.6693559673675187,
        "mean_ci_width": 0.19971715114064825,
        "total_sybils": 0,
        "total_disputes_filed": 0,
        "total_ratings": 1172,
        "attacks_attempted": 0,
        "attacks_blocked": 0,
        "defense_hold_rate": 0.0,
        "defense_by_type": {
          "7": 0,
          "8": 0,
          "9": 0,
          "10": 0,