{
  "config": "ablation_no_decay",
  "seed": 0,
  "converged": true,
  "converged_at": 5000,
  "episodes_trained": 5000,
  "training_time_s": 4440.962905168533,
  "eval_mean_reward": 0.23048635586814234,
  "eval_std_reward": 0.03650649853709229,
  "eval_mean_accuracy": 0.08692374963176477,
  "eval_std_accuracy": 0.01685558840329258,
  "eval_mean_honest_pct": 1.0,
  "eval_std_honest_pct": 0.0,
  "final_env_metrics": {
    "mean_score": 0.7550251304512209,
    "mean_true_quality": 0.8249692341774348,
    "mean_reputation_accuracy": 0.07644625981843017,
    "mean_ci_width": 0.14488683817730288,
    "total_sybils": 0,
    "total_disputes_filed": 0,
    "total_ratings": 1667,
    "attacks_attempted": 0,
    "attacks_blocked": 0,
    "defense_hold_rate": 0.0,
    "defense_by_type": {
      "7": 0,
      "8": 0,
      "9": 0,
      "10": 0,
      "11": 0
    },
    "stakes": {
      "agent_0": 20000.0,
      "agent_1": 20000.0,
      "agent_2": 20000.0,
      "agent_3": 20000.0,
      "agent_4": 20000.0,
      "agent_5": 20000.0,
      "agent_6": 20000.0,
      "agent_7": 20000.0,
      "agent_8": 20000.0,
      "agent_9": 20000.0,
      "agent_10": 20000.0,
      "agent_11": 20000.0,
      "agent_12": 20000.0,
      "agent_13": 20000.0,
      "agent_14": 20000.0,
      "agent_15": 20000.0,
      "agent_16": 20000.0,
      "agent_17": 20000.0,
      "agent_18": 20000.0,
      "agent_19": 20000.0
    }
  }
}