{
  "config": "ablation_no_wilson",
  "seed": 0,
  "converged": false,
  "converged_at": null,
  "episodes_trained": 5000,
  "training_time_s": 4812.709356307983,
  "eval_mean_reward": 0.034999493989042535,
  "eval_std_reward": 0.008012376831213657,
  "eval_mean_accuracy": 0.5793464139369946,
  "eval_std_accuracy": 0.04281304468900126,
  "eval_mean_honest_pct": 1.0,
  "eval_std_honest_pct": 0.0,
  "final_env_metrics": {
    "mean_score": 0.2269670853127078,
    "mean_true_quality": 0.7867895505110918,
    "mean_reputation_accuracy": 0.559822465198384,
    "mean_ci_width": 0.1835577279205614,
    "total_sybils": 0,
    "total_disputes_filed": 0,
    "total_ratings": 1431,
    "attacks_attempted": 0,
    "attacks_blocked": 0,
    "defense_hold_rate": 0.0,
    "defense_by_type": {
      "7": 0,
      "8": 0,
      "9": 0,
      "10": 0,
      "11": 0
    },
    "stakes": {
      "agent_0": 20000.0,
      "agent_1": 20000.0,
      "agent_2": 20000.0,
      "agent_3": 20000.0,
      "agent_4": 20000.0,
      "agent_5": 20000.0,
      "agent_6": 20000.0,
      "agent_7": 20000.0,
      "agent_8": 20000.0,
      "agent_9": 20000.0,
      "agent_10": 20000.0,
      "agent_11": 20000.0,
      "agent_12": 20000.0,
      "agent_13": 20000.0,
      "agent_14": 20000.0,
      "agent_15": 20000.0,
      "agent_16": 20000.0,
      "agent_17": 20000.0,
      "agent_18": 20000.0,
      "agent_19": 20000.0
    }
  }
}