{
  "config": "ablation_no_stake",
  "seed": 2,
  "converged": false,
  "converged_at": null,
  "episodes_trained": 5000,
  "training_time_s": 5447.507263660431,
  "eval_mean_reward": 0.16609862283162993,
  "eval_std_reward": 0.05729051953560278,
  "eval_mean_accuracy": 0.20074586601824107,
  "eval_std_accuracy": 0.05519076681286413,
  "eval_mean_honest_pct": 1.0,
  "eval_std_honest_pct": 0.0,
  "final_env_metrics": {
    "mean_score": 0.8060781517288585,
    "mean_true_quality": 0.8205193295850097,
    "mean_reputation_accuracy": 0.0398886291495313,
    "mean_ci_width": 0.13323551208592316,
    "total_sybils": 0,
    "total_disputes_filed": 0,
    "total_ratings": 1481,
    "attacks_attempted": 0,
    "attacks_blocked": 0,
    "defense_hold_rate": 0.0,
    "defense_by_type": {
      "7": 0,
      "8": 0,
      "9": 0,
      "10": 0,
      "11": 0
    },
    "stakes": {
      "agent_0": 2.0,
      "agent_1": 2.0,
      "agent_2": 2.0,
      "agent_3": 2.0,
      "agent_4": 2.0,
      "agent_5": 2.0,
      "agent_6": 2.0,
      "agent_7": 2.0,
      "agent_8": 2.0,
      "agent_9": 2.0,
      "agent_10": 2.0,
      "agent_11": 2.0,
      "agent_12": 2.0,
      "agent_13": 2.0,
      "agent_14": 2.0,
      "agent_15": 2.0,
      "agent_16": 2.0,
      "agent_17": 2.0,
      "agent_18": 2.0,
      "agent_19": 2.0
    }
  }
}