{
  "config": "ablation_no_decay",
  "seed": 1,
  "converged": false,
  "converged_at": null,
  "episodes_trained": 5000,
  "training_time_s": 4836.736043214798,
  "eval_mean_reward": -0.5893247655418621,
  "eval_std_reward": 0.41321838841582265,
  "eval_mean_accuracy": 0.23715909620825162,
  "eval_std_accuracy": 0.02715522502164471,
  "eval_mean_honest_pct": 0.999680170575693,
  "eval_std_honest_pct": 0.0013941041397251732,
  "final_env_metrics": {
    "mean_score": 0.5830753361028764,
    "mean_true_quality": 0.8001056537045621,
    "mean_reputation_accuracy": 0.21703031760168562,
    "mean_ci_width": 0.3158712129732614,
    "total_sybils": 0,
    "total_disputes_filed": 0,
    "total_ratings": 490,
    "attacks_attempted": 6,
    "attacks_blocked": 5,
    "defense_hold_rate": 0.8333333333333334,
    "defense_by_type": {
      "7": 0,
      "8": 0,
      "9": 0,
      "10": 5,
      "11": 0
    },
    "stakes": {
      "agent_0": 18000.0,
      "agent_1": 18000.0,
      "agent_2": 18000.0,
      "agent_3": 18000.0,
      "agent_4": 18000.0,
      "agent_5": 20000.0,
      "agent_6": 20000.0,
      "agent_7": 20000.0,
      "agent_8": 20000.0,
      "agent_9": 20000.0,
      "agent_10": 20000.0,
      "agent_11": 20000.0,
      "agent_12": 20000.0,
      "agent_13": 20000.0,
      "agent_14": 20000.0,
      "agent_15": 20000.0,
      "agent_16": 20000.0,
      "agent_17": 20000.0,
      "agent_18": 20000.0,
      "agent_19": 20000.0
    }
  }
}