{
  "config": "ablation_no_stake",
  "seed": 0,
  "converged": false,
  "converged_at": null,
  "episodes_trained": 5000,
  "training_time_s": 4338.580154418945,
  "eval_mean_reward": 0.3435313010858392,
  "eval_std_reward": 0.010636485607539796,
  "eval_mean_accuracy": 0.030042465504585343,
  "eval_std_accuracy": 0.005040072653613382,
  "eval_mean_honest_pct": 1.0,
  "eval_std_honest_pct": 0.0,
  "final_env_metrics": {
    "mean_score": 0.7816550443105438,
    "mean_true_quality": 0.7961387880511752,
    "mean_reputation_accuracy": 0.02830698704348638,
    "mean_ci_width": 0.11611394702128278,
    "total_sybils": 0,
    "total_disputes_filed": 0,
    "total_ratings": 2000,
    "attacks_attempted": 0,
    "attacks_blocked": 0,
    "defense_hold_rate": 0.0,
    "defense_by_type": {
      "7": 0,
      "8": 0,
      "9": 0,
      "10": 0,
      "11": 0
    },
    "stakes": {
      "agent_0": 2.0,
      "agent_1": 2.0,
      "agent_2": 2.0,
      "agent_3": 2.0,
      "agent_4": 2.0,
      "agent_5": 2.0,
      "agent_6": 2.0,
      "agent_7": 2.0,
      "agent_8": 2.0,
      "agent_9": 2.0,
      "agent_10": 2.0,
      "agent_11": 2.0,
      "agent_12": 2.0,
      "agent_13": 2.0,
      "agent_14": 2.0,
      "agent_15": 2.0,
      "agent_16": 2.0,
      "agent_17": 2.0,
      "agent_18": 2.0,
      "agent_19": 2.0
    }
  }
}