{
  "config": "config2_mixed",
  "seed": 0,
  "converged": false,
  "converged_at": null,
  "episodes_trained": 20000,
  "training_time_s": 24811.904327630997,
  "eval_mean_reward": 0.07589991275672872,
  "eval_std_reward": 0.0030629069312713172,
  "eval_mean_accuracy": 0.24768685771538124,
  "eval_std_accuracy": 0.02233510577875862,
  "eval_mean_honest_pct": 1.0,
  "eval_std_honest_pct": 0.0,
  "final_env_metrics": {
    "mean_score": 0.5315499065517464,
    "mean_true_quality": 0.7920733327914025,
    "mean_reputation_accuracy": 0.2647712614260552,
    "mean_ci_width": 0.21520578215071998,
    "total_sybils": 0,
    "total_disputes_filed": 0,
    "total_ratings": 1166,
    "attacks_attempted": 0,
    "attacks_blocked": 0,
    "defense_hold_rate": 0.0,
    "defense_by_type": {
      "7": 0,
      "8": 0,
      "9": 0,
      "10": 0,
      "11": 0
    },
    "stakes": {
      "agent_0": 20000.0,
      "agent_1": 20000.0,
      "agent_2": 20000.0,
      "agent_3": 20000.0,
      "agent_4": 20000.0,
      "agent_5": 20000.0,
      "agent_6": 20000.0,
      "agent_7": 20000.0,
      "agent_8": 20000.0,
      "agent_9": 20000.0,
      "agent_10": 20000.0,
      "agent_11": 20000.0,
      "agent_12": 20000.0,
      "agent_13": 20000.0,
      "agent_14": 20000.0,
      "agent_15": 20000.0,
      "agent_16": 20000.0,
      "agent_17": 20000.0,
      "agent_18": 20000.0,
      "agent_19": 20000.0
    },
    "agent_scores": [
      0.551220301055812,
      0.5499556428370107,
      0.5044708230733622,
      0.4813405930517764,
      0.4718678263152755,
      0.6868849754729355,
      0.6235586340031055,
      0.6133681350826161,
      0.5386763844533465,
      0.5361291239759407,
      0.47404658490961915,
      0.5512984461139642,
      0.4064091532279878,
      0.3920629627227858,
      0.5200650097367764,
      0.5897671024322076,
      0.5327812952508905,
      0.4937159465377274,
      0.5404009012251633,
      0.5729782895566256
    ],
    "agent_true_qualities": [
      0.5087419491918184,
      0.8579857292337271,
      0.7590975905387034,
      0.8025907619065858,
      0.7209837891631059,
      0.9162742641930035,
      0.9110221509018783,
      0.8212727098493561,
      0.9085177252797428,
      0.7490799707466286,
      0.9854605590290934,
      0.9042493219101838,
      0.4326653057981815,
      0.6857888949199819,
      0.7583114037894385,
      0.8077441704934856,
      0.7740702924390893,
      0.9903926613380403,
      0.6522233314775557,
      0.894994073628448
    ]
  }
}