{
  "config": "config11_comprehensive",
  "n_seeds": 2,
  "converged_count": 0,
  "mean_honest_pct": 1.0,
  "std_honest_pct": 0.0,
  "mean_eval_reward": 0.19380577785027409,
  "std_eval_reward": 0.021530312653358696,
  "mean_eval_accuracy": 0.3153115028766035,
  "std_eval_accuracy": 0.0881547070302772
}