{
  "config": "config11_comprehensive",
  "seed": 1,
  "converged": false,
  "converged_at": null,
  "episodes_trained": 20000,
  "training_time_s": 23289.53549838066,
  "eval_mean_reward": 0.1722754651969154,
  "eval_std_reward": 0.009373156493632264,
  "eval_mean_accuracy": 0.40346620990688065,
  "eval_std_accuracy": 0.03373662123913336,
  "eval_mean_honest_pct": 1.0,
  "eval_std_honest_pct": 0.0,
  "final_env_metrics": {
    "mean_score": 0.41174470935396335,
    "mean_true_quality": 0.8169569861098143,
    "mean_reputation_accuracy": 0.4173181278609083,
    "mean_ci_width": 0.22013282643852947,
    "total_sybils": 0,
    "total_disputes_filed": 0,
    "total_ratings": 1187,
    "attacks_attempted": 0,
    "attacks_blocked": 0,
    "defense_hold_rate": 0.0,
    "defense_by_type": {
      "7": 0,
      "8": 0,
      "9": 0,
      "10": 0,
      "11": 0
    },
    "stakes": {
      "agent_0": 20000.0,
      "agent_1": 20000.0,
      "agent_2": 20000.0,
      "agent_3": 20000.0,
      "agent_4": 20000.0,
      "agent_5": 20000.0,
      "agent_6": 20000.0,
      "agent_7": 20000.0,
      "agent_8": 20000.0,
      "agent_9": 20000.0,
      "agent_10": 20000.0,
      "agent_11": 20000.0,
      "agent_12": 20000.0,
      "agent_13": 20000.0,
      "agent_14": 20000.0,
      "agent_15": 20000.0,
      "agent_16": 20000.0,
      "agent_17": 20000.0,
      "agent_18": 20000.0,
      "agent_19": 20000.0
    },
    "agent_scores": [
      0.4558666890246798,
      0.4848196720618727,
      0.49732358368012813,
      0.3207605389362905,
      0.3905604298175558,
      0.3576451110676487,
      0.43784824279282664,
      0.34549040686776267,
      0.5687261115882324,
      0.25365526918720666,
      0.38399500930471187,
      0.2962200047765429,
      0.30481826198979217,
      0.4434246265784218,
      0.4386724571024245,
      0.37923835305749554,
      0.47024594200286174,
      0.5963118886033513,
      0.35540596076861086,
      0.4538656278708501
    ],
    "agent_true_qualities": [
      0.7869183754895177,
      0.6409595808709232,
      0.7613354876556798,
      0.9146140006930439,
      0.9530918123568773,
      0.9871475895991165,
      0.9622272208437191,
      0.8912273033463243,
      0.5618085832582985,
      0.9891893238452658,
      0.8014419577615021,
      0.7093864228789615,
      0.8189067405416126,
      0.8971530427377521,
      0.8812285502022986,
      0.941790270705938,
      0.7774041493805075,
      0.48217090588271094,
      0.8154057743744728,
      0.765732629771762
    ]
  }
}