{
  "config": "config11_comprehensive",
  "seed": 0,
  "converged": false,
  "converged_at": null,
  "episodes_trained": 10000,
  "training_time_s": 11401.613755226135,
  "eval_mean_reward": 0.17182725616289546,
  "eval_std_reward": 0.014970493870244413,
  "eval_mean_accuracy": 0.3678055125944609,
  "eval_std_accuracy": 0.03268740686617105,
  "eval_mean_honest_pct": 1.0,
  "eval_std_honest_pct": 0.0,
  "final_env_metrics": {
    "mean_score": 0.40632215721312603,
    "mean_true_quality": 0.8110615236163754,
    "mean_reputation_accuracy": 0.40473936640324953,
    "mean_ci_width": 0.25715491293610765,
    "total_sybils": 0,
    "total_disputes_filed": 0,
    "total_ratings": 871,
    "attacks_attempted": 0,
    "attacks_blocked": 0,
    "defense_hold_rate": 0.0,
    "defense_by_type": {
      "7": 0,
      "8": 0,
      "9": 0,
      "10": 0,
      "11": 0
    },
    "stakes": {
      "agent_0": 20000.0,
      "agent_1": 20000.0,
      "agent_2": 20000.0,
      "agent_3": 20000.0,
      "agent_4": 20000.0,
      "agent_5": 20000.0,
      "agent_6": 20000.0,
      "agent_7": 20000.0,
      "agent_8": 20000.0,
      "agent_9": 20000.0,
      "agent_10": 20000.0,
      "agent_11": 20000.0,
      "agent_12": 20000.0,
      "agent_13": 20000.0,
      "agent_14": 20000.0,
      "agent_15": 20000.0,
      "agent_16": 20000.0,
      "agent_17": 20000.0,
      "agent_18": 20000.0,
      "agent_19": 20000.0
    }
  }
}