{
  "config": "config2_mixed",
  "seed": 1,
  "converged": false,
  "converged_at": null,
  "episodes_trained": 20000,
  "training_time_s": 22717.894663095474,
  "eval_mean_reward": 0.07214553765741498,
  "eval_std_reward": 0.0040957792249381175,
  "eval_mean_accuracy": 0.32814181598260883,
  "eval_std_accuracy": 0.02026107283705546,
  "eval_mean_honest_pct": 1.0,
  "eval_std_honest_pct": 0.0,
  "final_env_metrics": {
    "mean_score": 0.4605107071911971,
    "mean_true_quality": 0.814639258590212,
    "mean_reputation_accuracy": 0.35412855139901506,
    "mean_ci_width": 0.2022355249205669,
    "total_sybils": 0,
    "total_disputes_filed": 0,
    "total_ratings": 1475,
    "attacks_attempted": 0,
    "attacks_blocked": 0,
    "defense_hold_rate": 0.0,
    "defense_by_type": {
      "7": 0,
      "8": 0,
      "9": 0,
      "10": 0,
      "11": 0
    },
    "stakes": {
      "agent_0": 20000.0,
      "agent_1": 20000.0,
      "agent_2": 20000.0,
      "agent_3": 20000.0,
      "agent_4": 20000.0,
      "agent_5": 20000.0,
      "agent_6": 20000.0,
      "agent_7": 20000.0,
      "agent_8": 20000.0,
      "agent_9": 20000.0,
      "agent_10": 20000.0,
      "agent_11": 20000.0,
      "agent_12": 20000.0,
      "agent_13": 20000.0,
      "agent_14": 20000.0,
      "agent_15": 20000.0,
      "agent_16": 20000.0,
      "agent_17": 20000.0,
      "agent_18": 20000.0,
      "agent_19": 20000.0
    },
    "agent_scores": [
      0.43454240791843773,
      0.47660246041870435,
      0.4055004564869698,
      0.4200246329299093,
      0.5242745814399442,
      0.3291176348007459,
      0.49450820814702356,
      0.3673025888666003,
      0.4941064712425596,
      0.4898936207136994,
      0.529548881039023,
      0.4914369267205121,
      0.4860925659861656,
      0.4554574997123222,
      0.4737102945000003,
      0.4376791876504351,
      0.4689266478474598,
      0.4440483436043359,
      0.47859455351513075,
      0.5088461802839633
    ],
    "agent_true_qualities": [
      0.8499886086535273,
      0.7241280061858548,
      0.6026326974515079,
      0.8203305180209658,
      0.8666758548603352,
      0.9355907748645876,
      0.7852111458118491,
      0.8844899045130821,
      0.9893873717043717,
      0.9128771802225264,
      0.8158001362597866,
      0.8072149650127728,
      0.6772783112738248,
      0.8895073921956071,
      0.8610072373924652,
      0.7325212231623309,
      0.7562385959565041,
      0.6820792600757173,
      0.823481507378457,
      0.876344480808169
    ]
  }
}