{
  "config": "config11_comprehensive",
  "seed": 0,
  "converged": false,
  "converged_at": null,
  "episodes_trained": 20000,
  "training_time_s": 25670.35141324997,
  "eval_mean_reward": 0.21533609050363278,
  "eval_std_reward": 0.008729015377598036,
  "eval_mean_accuracy": 0.22715679584632625,
  "eval_std_accuracy": 0.023405516871260443,
  "eval_mean_honest_pct": 1.0,
  "eval_std_honest_pct": 0.0,
  "final_env_metrics": {
    "mean_score": 0.5759019333366772,
    "mean_true_quality": 0.7740704866266579,
    "mean_reputation_accuracy": 0.19846538620360232,
    "mean_ci_width": 0.21169819058700684,
    "total_sybils": 0,
    "total_disputes_filed": 0,
    "total_ratings": 1139,
    "attacks_attempted": 0,
    "attacks_blocked": 0,
    "defense_hold_rate": 0.0,
    "defense_by_type": {
      "7": 0,
      "8": 0,
      "9": 0,
      "10": 0,
      "11": 0
    },
    "stakes": {
      "agent_0": 20000.0,
      "agent_1": 20000.0,
      "agent_2": 20000.0,
      "agent_3": 20000.0,
      "agent_4": 20000.0,
      "agent_5": 20000.0,
      "agent_6": 20000.0,
      "agent_7": 20000.0,
      "agent_8": 20000.0,
      "agent_9": 20000.0,
      "agent_10": 20000.0,
      "agent_11": 20000.0,
      "agent_12": 20000.0,
      "agent_13": 20000.0,
      "agent_14": 20000.0,
      "agent_15": 20000.0,
      "agent_16": 20000.0,
      "agent_17": 20000.0,
      "agent_18": 20000.0,
      "agent_19": 20000.0
    },
    "agent_scores": [
      0.5000511590652434,
      0.5175397355097072,
      0.5519248192997845,
      0.6179910093217363,
      0.5394761716015626,
      0.7172426660516263,
      0.5238267109378776,
      0.505286544752047,
      0.612027229386214,
      0.5660357331774893,
      0.6458419271249883,
      0.5817953290849446,
      0.6961744427870175,
      0.5601881031295679,
      0.6587495470658852,
      0.518492680610187,
      0.5336519721804516,
      0.6328036585466306,
      0.574439494459945,
      0.4644997326406382
    ],
    "agent_true_qualities": [
      0.6278486289570713,
      0.577456645752905,
      0.6484524793913333,
      0.9249484792448338,
      0.9618767425619775,
      0.9655779622603156,
      0.8436974474834225,
      0.7214627810179438,
      0.7511803570668784,
      0.7715970471410261,
      0.801785509578284,
      0.6227477021211264,
      0.8363099851522661,
      0.6976031957933584,
      0.8348971401772224,
      0.9091788899631491,
      0.616339933516808,
      0.6298353294104126,
      0.8101639314743329,
      0.928449544468488
    ]
  }
}