{
  "config": "config11_terminal",
  "seed": 2,
  "converged": false,
  "converged_at": null,
  "episodes_trained": 20000,
  "training_time_s": 16525.931438922882,
  "eval_mean_reward": 0.1453536485849231,
  "eval_std_reward": 0.0071076565473865375,
  "eval_mean_accuracy": 0.4032385134812545,
  "eval_std_accuracy": 0.021806744740873067,
  "eval_mean_honest_pct": 1.0,
  "eval_std_honest_pct": 0.0,
  "final_env_metrics": {
    "mean_score": 0.39837306678617346,
    "mean_true_quality": 0.8168953693023682,
    "mean_reputation_accuracy": 0.4185223025161946,
    "mean_ci_width": 0.26328530099858594,
    "total_sybils": 0,
    "total_disputes_filed": 0,
    "total_ratings": 857,
    "attacks_attempted": 0,
    "attacks_blocked": 0,
    "defense_hold_rate": 0.0,
    "defense_by_type": {
      "7": 0,
      "8": 0,
      "9": 0,
      "10": 0,
      "11": 0
    },
    "stakes": {
      "agent_0": 20000.0,
      "agent_1": 20000.0,
      "agent_2": 20000.0,
      "agent_3": 20000.0,
      "agent_4": 20000.0,
      "agent_5": 20000.0,
      "agent_6": 20000.0,
      "agent_7": 20000.0,
      "agent_8": 20000.0,
      "agent_9": 20000.0,
      "agent_10": 20000.0,
      "agent_11": 20000.0,
      "agent_12": 20000.0,
      "agent_13": 20000.0,
      "agent_14": 20000.0,
      "agent_15": 20000.0,
      "agent_16": 20000.0,
      "agent_17": 20000.0,
      "agent_18": 20000.0,
      "agent_19": 20000.0
    },
    "agent_scores": [
      0.43210772899575095,
      0.4374967806631449,
      0.1764607824597244,
      0.3026253040259733,
      0.3652926520405855,
      0.3823079722127835,
      0.47600014441303706,
      0.33397717497875384,
      0.42237114407817355,
      0.27476904546744946,
      0.4043456807182475,
      0.43586824350501585,
      0.3455136960213703,
      0.4568069277436264,
      0.47210738612512115,
      0.44563485952445997,
      0.5838026897135186,
      0.41283244664364294,
      0.3895560294130441,
      0.41758464698004555
    ],
    "agent_true_qualities": [
      0.9348208583192342,
      0.8269068252533327,
      0.947975249151726,
      0.8581207945392184,
      0.8846330204114452,
      0.8675157972558852,
      0.8599128405917745,
      0.7857135675164408,
      0.7223123563900141,
      0.8483316693730946,
      0.9356067914362649,
      0.7099536365327662,
      0.8157920174228135,
      0.7700473610748259,
      0.5520985625423567,
      0.7406849886843886,
      0.9204752362515264,
      0.7111363101905979,
      0.8400423569530756,
      0.8058271461565811
    ]
  }
}