{
  "config": "config2_terminal",
  "seed": 2,
  "converged": true,
  "converged_at": 8365,
  "episodes_trained": 8365,
  "training_time_s": 16838.218782901764,
  "eval_mean_reward": -23.166596332135803,
  "eval_std_reward": 0.018382581317451147,
  "eval_mean_accuracy": 0.11139162117121695,
  "eval_std_accuracy": 0.017247065230021934,
  "eval_mean_honest_pct": 0.0,
  "eval_std_honest_pct": 0.0,
  "final_env_metrics": {
    "mean_score": 0.8421343129795948,
    "mean_true_quality": 0.7806198135519999,
    "mean_reputation_accuracy": 0.11721248117124528,
    "mean_ci_width": 0.3542667167078159,
    "total_sybils": 0,
    "total_disputes_filed": 140,
    "total_ratings": 157,
    "attacks_attempted": 0,
    "attacks_blocked": 0,
    "defense_hold_rate": 0.0,
    "defense_by_type": {
      "7": 0,
      "8": 0,
      "9": 0,
      "10": 0,
      "11": 0
    },
    "stakes": {
      "agent_0": 9565.938,
      "agent_1": 9565.938,
      "agent_2": 9565.938,
      "agent_3": 9565.938,
      "agent_4": 9565.938,
      "agent_5": 9565.938,
      "agent_6": 9565.938,
      "agent_7": 9565.938,
      "agent_8": 9565.938,
      "agent_9": 9565.938,
      "agent_10": 9565.938,
      "agent_11": 9565.938,
      "agent_12": 9565.938,
      "agent_13": 9565.938,
      "agent_14": 9565.938,
      "agent_15": 9565.938,
      "agent_16": 9565.938,
      "agent_17": 9565.938,
      "agent_18": 9565.938,
      "agent_19": 9565.938
    },
    "agent_scores": [
      0.8372283234721823,
      0.8549992100630154,
      0.8534411086936471,
      0.8125800609396934,
      0.8979913657990612,
      0.9164846725918312,
      0.9117774764913555,
      0.8657408276473465,
      0.687288392031597,
      0.7972443502957923,
      0.931836554382736,
      0.8367689240812426,
      0.8320968970673126,
      0.7684006980415906,
      0.9108900251444845,
      0.7257904740813155,
      0.8346689318208764,
      0.846411885292395,
      0.8379137468883082,
      0.8831323347661132
    ],
    "agent_true_qualities": [
      0.7822091805864931,
      0.5538929801540717,
      0.7555390871133456,
      0.6605505417648715,
      0.8723050285297949,
      0.8454126938700902,
      0.7560248206928252,
      0.870738887546424,
      0.7958602074985084,
      0.9372943499295315,
      0.7670751773194991,
      0.6738008203388965,
      0.9195269276166917,
      0.5604770909701727,
      0.8620253068113556,
      0.8384125347109905,
      0.9379767830785982,
      0.7595532177082505,
      0.7436947431738035,
      0.7200258916257849
    ]
  }
}