{
  "config": "config11_terminal",
  "seed": 0,
  "converged": true,
  "converged_at": 19450,
  "episodes_trained": 19450,
  "training_time_s": 25948.050077676773,
  "eval_mean_reward": 0.48259675188880397,
  "eval_std_reward": 0.012228160537016359,
  "eval_mean_accuracy": 0.037575524159670824,
  "eval_std_accuracy": 0.006986415212626589,
  "eval_mean_honest_pct": 1.0,
  "eval_std_honest_pct": 0.0,
  "final_env_metrics": {
    "mean_score": 0.8009756188991719,
    "mean_true_quality": 0.7968201229744445,
    "mean_reputation_accuracy": 0.039967451409365536,
    "mean_ci_width": 0.14417097845634658,
    "total_sybils": 0,
    "total_disputes_filed": 0,
    "total_ratings": 1233,
    "attacks_attempted": 0,
    "attacks_blocked": 0,
    "defense_hold_rate": 0.0,
    "defense_by_type": {
      "7": 0,
      "8": 0,
      "9": 0,
      "10": 0,
      "11": 0
    },
    "stakes": {
      "agent_0": 20000.0,
      "agent_1": 20000.0,
      "agent_2": 20000.0,
      "agent_3": 20000.0,
      "agent_4": 20000.0,
      "agent_5": 20000.0,
      "agent_6": 20000.0,
      "agent_7": 20000.0,
      "agent_8": 20000.0,
      "agent_9": 20000.0,
      "agent_10": 20000.0,
      "agent_11": 20000.0,
      "agent_12": 20000.0,
      "agent_13": 20000.0,
      "agent_14": 20000.0,
      "agent_15": 20000.0,
      "agent_16": 20000.0,
      "agent_17": 20000.0,
      "agent_18": 20000.0,
      "agent_19": 20000.0
    },
    "agent_scores": [
      0.911045810941178,
      0.7025835531828974,
      0.9059301038955939,
      0.8880281744541749,
      0.948182355045968,
      0.8219766218292303,
      0.7776221030816509,
      0.83636427536847,
      0.587940849468698,
      0.7727533110678674,
      0.8006726570929252,
      0.7495517067364562,
      0.6762004822671672,
      0.7876784242688167,
      0.8666959607254802,
      0.6304562123888822,
      0.9558734520380395,
      0.8505810770393414,
      0.8342929115982282,
      0.7150823354923747
    ],
    "agent_true_qualities": [
      0.917166810376351,
      0.7743114578643434,
      0.8433508804956811,
      0.9484337849705161,
      0.899009028100591,
      0.8386125502052055,
      0.7545171956233587,
      0.9030176687160754,
      0.5971305423446289,
      0.7657706634793441,
      0.8109079687157867,
      0.7810891630532288,
      0.664832482722039,
      0.8193586141626086,
      0.7764546105123774,
      0.6704403405209027,
      0.923689660473476,
      0.7996329049424827,
      0.8482418512466897,
      0.6004342809632023
    ]
  }
}