{
  "config": "config11_terminal",
  "seed": 1,
  "converged": true,
  "converged_at": 14131,
  "episodes_trained": 14131,
  "training_time_s": 14300.273368358612,
  "eval_mean_reward": -4.398749999999991,
  "eval_std_reward": 0.0,
  "eval_mean_accuracy": 0.31199862257456307,
  "eval_std_accuracy": 0.018380857013937126,
  "eval_mean_honest_pct": 1.0,
  "eval_std_honest_pct": 0.0,
  "final_env_metrics": {
    "mean_score": 0.5,
    "mean_true_quality": 0.7959666886498817,
    "mean_reputation_accuracy": 0.30285626335853766,
    "mean_ci_width": 0.699928582359657,
    "total_sybils": 40,
    "total_disputes_filed": 0,
    "total_ratings": 0,
    "attacks_attempted": 0,
    "attacks_blocked": 0,
    "defense_hold_rate": 0.0,
    "defense_by_type": {
      "7": 0,
      "8": 0,
      "9": 0,
      "10": 0,
      "11": 0
    },
    "stakes": {
      "agent_0": 0.0,
      "agent_1": 0.0,
      "agent_2": 0.0,
      "agent_3": 0.0,
      "agent_4": 0.0,
      "agent_5": 0.0,
      "agent_6": 0.0,
      "agent_7": 0.0,
      "agent_8": 0.0,
      "agent_9": 0.0,
      "agent_10": 0.0,
      "agent_11": 0.0,
      "agent_12": 0.0,
      "agent_13": 0.0,
      "agent_14": 0.0,
      "agent_15": 0.0,
      "agent_16": 0.0,
      "agent_17": 0.0,
      "agent_18": 0.0,
      "agent_19": 0.0
    },
    "agent_scores": [
      0.5,
      0.5,
      0.5,
      0.5,
      0.5,
      0.5,
      0.5,
      0.5,
      0.5,
      0.5,
      0.5,
      0.5,
      0.5,
      0.5,
      0.5,
      0.5,
      0.5,
      0.5,
      0.5,
      0.5
    ],
    "agent_true_qualities": [
      0.8958372959590895,
      0.5962664836392001,
      0.8149938295918463,
      0.43110425291344096,
      0.9361123421886972,
      0.9032877126028502,
      0.8365262637270751,
      0.8331029956189426,
      0.9117294163711925,
      0.6010766257932728,
      0.8394853517491185,
      0.8928188951691854,
      0.9259613825843158,
      0.949611704206086,
      0.6836969259034265,
      0.7982507982161923,
      0.8842061574219721,
      0.7735758865298068,
      0.6474582121321503,
      0.7642312406797735
    ]
  }
}