{
  "config": "config2_terminal",
  "seed": 1,
  "converged": true,
  "converged_at": 5637,
  "episodes_trained": 5637,
  "training_time_s": 5444.403446435928,
  "eval_mean_reward": -4.599059573756277,
  "eval_std_reward": 0.5869001379386136,
  "eval_mean_accuracy": 0.5971785846740587,
  "eval_std_accuracy": 0.04524851424428888,
  "eval_mean_honest_pct": 0.9504923367615931,
  "eval_std_honest_pct": 0.017932970135076578,
  "final_env_metrics": {
    "mean_score": 0.23557409669906265,
    "mean_true_quality": 0.7669715102087723,
    "mean_reputation_accuracy": 0.5313974135097095,
    "mean_ci_width": 0.16822770870390602,
    "total_sybils": 0,
    "total_disputes_filed": 74,
    "total_ratings": 1852,
    "attacks_attempted": 0,
    "attacks_blocked": 0,
    "defense_hold_rate": 0.0,
    "defense_by_type": {
      "7": 0,
      "8": 0,
      "9": 0,
      "10": 0,
      "11": 0
    },
    "stakes": {
      "agent_0": 16200.0,
      "agent_1": 6973.568802,
      "agent_2": 13880.0,
      "agent_3": 16200.0,
      "agent_4": 16200.0,
      "agent_5": 13122.0,
      "agent_6": 16200.0,
      "agent_7": 8609.3442,
      "agent_8": 16200.0,
      "agent_9": 16200.0,
      "agent_10": 13122.0,
      "agent_11": 11722.0,
      "agent_12": 13122.0,
      "agent_13": 14180.0,
      "agent_14": 16200.0,
      "agent_15": 6921.723779999999,
      "agent_16": 16200.0,
      "agent_17": 14580.0,
      "agent_18": 16200.0,
      "agent_19": 13122.0
    },
    "agent_scores": [
      0.4858527077352575,
      0.06118607791055474,
      0.19082566170448986,
      0.43786098704249266,
      0.3552869579887695,
      0.13240786149074302,
      0.30043286986412737,
      0.07951249210955486,
      0.2524580587781192,
      0.41055432631655464,
      0.11669706398450747,
      0.08890758536215347,
      0.2728313635546149,
      0.11665761173146134,
      0.21481024250807232,
      0.04686240131459854,
      0.3655999188121457,
      0.28927198628171596,
      0.34351236377760386,
      0.14995339571371638
    ],
    "agent_true_qualities": [
      0.5603473545851705,
      0.9467161889583898,
      0.7418681669653925,
      0.5272858475023173,
      0.6418574582398427,
      0.8238970814750097,
      0.6799773167397637,
      0.9750909505434784,
      0.727141029745278,
      0.6459225057019374,
      0.8673737086822675,
      0.9419408218071035,
      0.7010719284771627,
      0.9269064480921991,
      0.7831691832640874,
      0.9776139664123895,
      0.7371364232950015,
      0.6706545049923573,
      0.6625329429168915,
      0.8009263757794042
    ]
  }
}