{
  "config": "config11_terminal",
  "n_seeds": 3,
  "converged_count": 2,
  "mean_honest_pct": 1.0,
  "std_honest_pct": 0.0,
  "mean_eval_reward": -1.2569331998420878,
  "std_eval_reward": 2.225862055024576,
  "mean_eval_accuracy": 0.25093755340516277,
  "std_eval_accuracy": 0.1553999057614083
}