{
  "config": "config2_terminal",
  "seed": 0,
  "converged": true,
  "converged_at": 13695,
  "episodes_trained": 13695,
  "training_time_s": 16464.407073497772,
  "eval_mean_reward": -0.15915264665585763,
  "eval_std_reward": 0.3110106769453476,
  "eval_mean_accuracy": 0.4035530654331435,
  "eval_std_accuracy": 0.048869105155136275,
  "eval_mean_honest_pct": 1.0,
  "eval_std_honest_pct": 0.0,
  "final_env_metrics": {
    "mean_score": 0.405071126552769,
    "mean_true_quality": 0.821756097787713,
    "mean_reputation_accuracy": 0.42018922217985555,
    "mean_ci_width": 0.26274577671947114,
    "total_sybils": 0,
    "total_disputes_filed": 0,
    "total_ratings": 726,
    "attacks_attempted": 7,
    "attacks_blocked": 4,
    "defense_hold_rate": 0.5714285714285714,
    "defense_by_type": {
      "7": 0,
      "8": 0,
      "9": 4,
      "10": 0,
      "11": 0
    },
    "stakes": {
      "agent_0": 18000.0,
      "agent_1": 20000.0,
      "agent_2": 18000.0,
      "agent_3": 18000.0,
      "agent_4": 18000.0,
      "agent_5": 20000.0,
      "agent_6": 20000.0,
      "agent_7": 20000.0,
      "agent_8": 20000.0,
      "agent_9": 20000.0,
      "agent_10": 20000.0,
      "agent_11": 20000.0,
      "agent_12": 20000.0,
      "agent_13": 20000.0,
      "agent_14": 20000.0,
      "agent_15": 20000.0,
      "agent_16": 20000.0,
      "agent_17": 20000.0,
      "agent_18": 20000.0,
      "agent_19": 20000.0
    },
    "agent_scores": [
      0.3784946068790631,
      0.4446977174011616,
      0.4628954167557368,
      0.40371476208570295,
      0.4581421707968634,
      0.4424333079503775,
      0.3656448475294076,
      0.3649478471882826,
      0.5602897219488219,
      0.33032247211572924,
      0.3912375774215096,
      0.34565308767782543,
      0.43685986512665803,
      0.3494672543451193,
      0.3727729625933027,
      0.33746490128508727,
      0.42979169293789754,
      0.46961917208311366,
      0.38012053061808604,
      0.37685261631563494
    ],
    "agent_true_qualities": [
      0.9744615815996098,
      0.7395852895116922,
      0.8694794189657084,
      0.9211253618203991,
      0.8848708997165039,
      0.7476627803395903,
      0.8202258503451276,
      0.8884372689764292,
      0.525247212499703,
      0.8094914058996273,
      0.8993730092764599,
      0.9032829567224097,
      0.5232501054320444,
      0.8491612225551162,
      0.8156995095642922,
      0.8258463148457943,
      0.9014588863136146,
      0.9550181236307751,
      0.8361717526792837,
      0.7452730050600747
    ]
  }
}