{
  "config": "sweep_bonus_1p0",
  "n_seeds": 3,
  "converged_count": 1,
  "mean_honest_pct": 0.9999578302828733,
  "std_honest_pct": 3.155595751202036e-05,
  "mean_eval_reward": 0.3146613226669561,
  "std_eval_reward": 0.12245896162252946,
  "mean_eval_accuracy": 0.08602255876291175,
  "std_eval_accuracy": 0.06795076535505803
}