{
  "config": "sweep_bonus_0p1",
  "seed": 0,
  "converged": false,
  "converged_at": null,
  "episodes_trained": 20000,
  "training_time_s": 27672.781185865402,
  "eval_mean_reward": -0.047449037867648244,
  "eval_std_reward": 0.24661375763611632,
  "eval_mean_accuracy": 0.5265752169232918,
  "eval_std_accuracy": 0.046871475290298226,
  "eval_mean_honest_pct": 0.9975686274509805,
  "eval_std_honest_pct": 0.010598107235275355,
  "final_env_metrics": {
    "mean_score": 0.2817975148121269,
    "mean_true_quality": 0.8150891025710336,
    "mean_reputation_accuracy": 0.5332915877589067,
    "mean_ci_width": 0.2112482136636616,
    "total_sybils": 0,
    "total_disputes_filed": 0,
    "total_ratings": 1238,
    "attacks_attempted": 2,
    "attacks_blocked": 0,
    "defense_hold_rate": 0.0,
    "defense_by_type": {
      "7": 0,
      "8": 0,
      "9": 0,
      "10": 0,
      "11": 0
    },
    "stakes": {
      "agent_0": 20000.0,
      "agent_1": 20000.0,
      "agent_2": 20000.0,
      "agent_3": 20000.0,
      "agent_4": 20000.0,
      "agent_5": 20000.0,
      "agent_6": 20000.0,
      "agent_7": 20000.0,
      "agent_8": 20000.0,
      "agent_9": 20000.0,
      "agent_10": 20000.0,
      "agent_11": 20000.0,
      "agent_12": 20000.0,
      "agent_13": 20000.0,
      "agent_14": 20000.0,
      "agent_15": 20000.0,
      "agent_16": 20000.0,
      "agent_17": 20000.0,
      "agent_18": 20000.0,
      "agent_19": 20000.0
    },
    "agent_scores": [
      0.5172405188155494,
      0.1349278221861064,
      0.36198916402504433,
      0.18950094342132678,
      0.49022046014266457,
      0.26840253565834604,
      0.09027571289395568,
      0.19854217431519067,
      0.4771101096279704,
      0.4503335660255551,
      0.2670957610094743,
      0.17371531362755027,
      0.3472293864839779,
      0.16945690001579763,
      0.12647920277454253,
      0.28150021057018976,
      0.44497764439230636,
      0.1679999905361145,
      0.24796231272647432,
      0.2309905669944014
    ],
    "agent_true_qualities": [
      0.5797848094142116,
      0.8770924791840168,
      0.7352798120250488,
      0.9208613316674088,
      0.6258893651773172,
      0.8343675284487946,
      0.9558580045583669,
      0.8955998820211608,
      0.5643497714740954,
      0.7198450584012865,
      0.8068218102469014,
      0.8886465976800252,
      0.7720002023570178,
      0.9222360501006156,
      0.9426495196337509,
      0.8818410724078751,
      0.760544581210919,
      0.9376972213314098,
      0.8703326840607899,
      0.8100842700196608
    ]
  }
}