{
  "config": "sweep_bonus_4p0",
  "n_seeds": 3,
  "converged_count": 2,
  "mean_honest_pct": 1.0,
  "std_honest_pct": 0.0,
  "mean_eval_reward": 0.18543057335436877,
  "std_eval_reward": 0.5209571090489467,
  "mean_eval_accuracy": 0.3440240782138069,
  "std_eval_accuracy": 0.09013175164219117
}