{
  "config": "sweep_bonus_2p0",
  "n_seeds": 3,
  "converged_count": 1,
  "mean_honest_pct": 0.9973741200566387,
  "std_honest_pct": 0.0036559708931866905,
  "mean_eval_reward": -0.6711710520085848,
  "std_eval_reward": 0.6636989442460979,
  "mean_eval_accuracy": 0.2849432706256621,
  "std_eval_accuracy": 0.1438143814611121
}