{
  "config": "sweep_bonus_0p5",
  "seed": 1,
  "converged": false,
  "converged_at": null,
  "episodes_trained": 3000,
  "training_time_s": 2242.7023446559906,
  "eval_mean_reward": -0.8620878906756477,
  "eval_std_reward": 0.006656726178019941,
  "eval_mean_accuracy": 0.4102125478851365,
  "eval_std_accuracy": 0.03796807516223954,
  "eval_mean_honest_pct": 1.0,
  "eval_std_honest_pct": 0.0,
  "final_env_metrics": {
    "mean_score": 0.40523446933816415,
    "mean_true_quality": 0.7710826015724858,
    "mean_reputation_accuracy": 0.3774057803989015,
    "mean_ci_width": 0.20878046010591556,
    "total_sybils": 0,
    "total_disputes_filed": 0,
    "total_ratings": 1429,
    "attacks_attempted": 6,
    "attacks_blocked": 5,
    "defense_hold_rate": 0.8333333333333334,
    "defense_by_type": {
      "7": 0,
      "8": 0,
      "9": 1,
      "10": 4,
      "11": 0
    },
    "stakes": {
      "agent_0": 18000.0,
      "agent_1": 18000.0,
      "agent_2": 18000.0,
      "agent_3": 18000.0,
      "agent_4": 18000.0,
      "agent_5": 20000.0,
      "agent_6": 20000.0,
      "agent_7": 20000.0,
      "agent_8": 20000.0,
      "agent_9": 20000.0,
      "agent_10": 20000.0,
      "agent_11": 20000.0,
      "agent_12": 20000.0,
      "agent_13": 20000.0,
      "agent_14": 20000.0,
      "agent_15": 20000.0,
      "agent_16": 20000.0,
      "agent_17": 20000.0,
      "agent_18": 20000.0,
      "agent_19": 20000.0
    }
  }
}