{
  "config": "sweep_bonus_0p0",
  "seed": 1,
  "converged": false,
  "converged_at": null,
  "episodes_trained": 3000,
  "training_time_s": 2993.767809152603,
  "eval_mean_reward": -1.3749999999999971,
  "eval_std_reward": 2.220446049250313e-16,
  "eval_mean_accuracy": 0.23683181607790119,
  "eval_std_accuracy": 0.019991962543540184,
  "eval_mean_honest_pct": 1.0,
  "eval_std_honest_pct": 0.0,
  "final_env_metrics": {
    "mean_score": 0.5317304252787587,
    "mean_true_quality": 0.7741258296481176,
    "mean_reputation_accuracy": 0.2458604271988305,
    "mean_ci_width": 0.22242354619984592,
    "total_sybils": 0,
    "total_disputes_filed": 0,
    "total_ratings": 1154,
    "attacks_attempted": 5,
    "attacks_blocked": 5,
    "defense_hold_rate": 1.0,
    "defense_by_type": {
      "7": 0,
      "8": 5,
      "9": 0,
      "10": 0,
      "11": 0
    },
    "stakes": {
      "agent_0": 18000.0,
      "agent_1": 18000.0,
      "agent_2": 18000.0,
      "agent_3": 18000.0,
      "agent_4": 18000.0,
      "agent_5": 20000.0,
      "agent_6": 20000.0,
      "agent_7": 20000.0,
      "agent_8": 20000.0,
      "agent_9": 20000.0,
      "agent_10": 20000.0,
      "agent_11": 20000.0,
      "agent_12": 20000.0,
      "agent_13": 20000.0,
      "agent_14": 20000.0,
      "agent_15": 20000.0,
      "agent_16": 20000.0,
      "agent_17": 20000.0,
      "agent_18": 20000.0,
      "agent_19": 20000.0
    }
  }
}