{
  "config": "sweep_bonus_2p0",
  "seed": 1,
  "converged": false,
  "converged_at": null,
  "episodes_trained": 20000,
  "training_time_s": 20466.940742492676,
  "eval_mean_reward": 0.2556017311402023,
  "eval_std_reward": 0.32528690326281273,
  "eval_mean_accuracy": 0.20558783772548028,
  "eval_std_accuracy": 0.04619809749073803,
  "eval_mean_honest_pct": 0.9999183488199286,
  "eval_std_honest_pct": 0.00024597458373800584,
  "final_env_metrics": {
    "mean_score": 0.6469946940145677,
    "mean_true_quality": 0.7960518860368363,
    "mean_reputation_accuracy": 0.14952504144642895,
    "mean_ci_width": 0.18479666115902818,
    "total_sybils": 0,
    "total_disputes_filed": 0,
    "total_ratings": 1313,
    "attacks_attempted": 0,
    "attacks_blocked": 0,
    "defense_hold_rate": 0.0,
    "defense_by_type": {
      "7": 0,
      "8": 0,
      "9": 0,
      "10": 0,
      "11": 0
    },
    "stakes": {
      "agent_0": 20000.0,
      "agent_1": 20000.0,
      "agent_2": 20000.0,
      "agent_3": 20000.0,
      "agent_4": 20000.0,
      "agent_5": 20000.0,
      "agent_6": 20000.0,
      "agent_7": 20000.0,
      "agent_8": 20000.0,
      "agent_9": 20000.0,
      "agent_10": 20000.0,
      "agent_11": 20000.0,
      "agent_12": 20000.0,
      "agent_13": 20000.0,
      "agent_14": 20000.0,
      "agent_15": 20000.0,
      "agent_16": 20000.0,
      "agent_17": 20000.0,
      "agent_18": 20000.0,
      "agent_19": 20000.0
    },
    "agent_scores": [
      0.7344046804378979,
      0.6575610665341882,
      0.5871132817151501,
      0.742844003236717,
      0.6608906514796129,
      0.5220878314393196,
      0.6408043968514178,
      0.5997705153430952,
      0.6643155168480761,
      0.7918815076972509,
      0.6121316404104484,
      0.6546998927968215,
      0.5085923845958157,
      0.5782776661605062,
      0.6891729815065194,
      0.6966162180282245,
      0.7461900584241974,
      0.6715709985239655,
      0.647784701338506,
      0.5331838869236251
    ],
    "agent_true_qualities": [
      0.9166107931430698,
      0.838786572090354,
      0.6723475994593369,
      0.8123432075708424,
      0.8920582259330904,
      0.6146705764573457,
      0.8521752748792359,
      0.8709566357763292,
      0.7053487580345972,
      0.9719024539287631,
      0.6074531461688444,
      0.877989484622169,
      0.6432337571358164,
      0.6628412248743951,
      0.7410832048248149,
      0.7711461907427776,
      0.9674800991072463,
      0.8904876203751817,
      0.8641412698916894,
      0.7479816257208273
    ]
  }
}