{
  "config": "sweep_bonus_0p25",
  "seed": 0,
  "converged": false,
  "converged_at": null,
  "episodes_trained": 3000,
  "training_time_s": 3214.6354711055756,
  "eval_mean_reward": -1.3435096394209638,
  "eval_std_reward": 0.001640178956701877,
  "eval_mean_accuracy": 0.4215635602473647,
  "eval_std_accuracy": 0.03906609939427985,
  "eval_mean_honest_pct": 1.0,
  "eval_std_honest_pct": 0.0,
  "final_env_metrics": {
    "mean_score": 0.3807641722774916,
    "mean_true_quality": 0.7802869105900785,
    "mean_reputation_accuracy": 0.39952273831258683,
    "mean_ci_width": 0.19499877862598652,
    "total_sybils": 0,
    "total_disputes_filed": 0,
    "total_ratings": 1575,
    "attacks_attempted": 5,
    "attacks_blocked": 5,
    "defense_hold_rate": 1.0,
    "defense_by_type": {
      "7": 0,
      "8": 5,
      "9": 0,
      "10": 0,
      "11": 0
    },
    "stakes": {
      "agent_0": 18000.0,
      "agent_1": 18000.0,
      "agent_2": 18000.0,
      "agent_3": 18000.0,
      "agent_4": 18000.0,
      "agent_5": 20000.0,
      "agent_6": 20000.0,
      "agent_7": 20000.0,
      "agent_8": 20000.0,
      "agent_9": 20000.0,
      "agent_10": 20000.0,
      "agent_11": 20000.0,
      "agent_12": 20000.0,
      "agent_13": 20000.0,
      "agent_14": 20000.0,
      "agent_15": 20000.0,
      "agent_16": 20000.0,
      "agent_17": 20000.0,
      "agent_18": 20000.0,
      "agent_19": 20000.0
    }
  }
}