{
  "config": "sweep_bonus_2p0",
  "seed": 0,
  "converged": true,
  "converged_at": 9230,
  "episodes_trained": 9230,
  "training_time_s": 10214.57031583786,
  "eval_mean_reward": -1.0058578351878251,
  "eval_std_reward": 0.042780747199378064,
  "eval_mean_accuracy": 0.4867965121234061,
  "eval_std_accuracy": 0.05435144670382817,
  "eval_mean_honest_pct": 1.0,
  "eval_std_honest_pct": 0.0,
  "final_env_metrics": {
    "mean_score": 0.2523630322202489,
    "mean_true_quality": 0.7805736530844332,
    "mean_reputation_accuracy": 0.5516448891291352,
    "mean_ci_width": 0.3442621287623011,
    "total_sybils": 0,
    "total_disputes_filed": 0,
    "total_ratings": 386,
    "attacks_attempted": 6,
    "attacks_blocked": 5,
    "defense_hold_rate": 0.8333333333333334,
    "defense_by_type": {
      "7": 0,
      "8": 0,
      "9": 5,
      "10": 0,
      "11": 0
    },
    "stakes": {
      "agent_0": 18000.0,
      "agent_1": 18000.0,
      "agent_2": 18000.0,
      "agent_3": 18000.0,
      "agent_4": 18000.0,
      "agent_5": 20000.0,
      "agent_6": 20000.0,
      "agent_7": 20000.0,
      "agent_8": 20000.0,
      "agent_9": 20000.0,
      "agent_10": 20000.0,
      "agent_11": 20000.0,
      "agent_12": 20000.0,
      "agent_13": 20000.0,
      "agent_14": 20000.0,
      "agent_15": 20000.0,
      "agent_16": 20000.0,
      "agent_17": 20000.0,
      "agent_18": 20000.0,
      "agent_19": 20000.0
    },
    "agent_scores": [
      0.10242759504755142,
      0.19278256274068,
      0.43924848652467763,
      0.1588918536868977,
      0.19679459609128147,
      0.18870910412318806,
      0.6000714747909033,
      0.23947415181184062,
      0.11005046921965608,
      0.23467984101919878,
      0.27030971986074437,
      0.25044230962361813,
      0.48061757179585507,
      0.15851323047587734,
      0.1835094899578218,
      0.17103075903363882,
      0.2863284334795927,
      0.1360735276115135,
      0.3064307510601682,
      0.34087471645027345
    ],
    "agent_true_qualities": [
      0.7897091045816037,
      0.8203896335681126,
      0.6706672587914594,
      0.889446290549279,
      0.7875136562219613,
      0.8382701444229835,
      0.3657287921413956,
      0.6186490202455525,
      0.9587428652503139,
      0.7970935262468066,
      0.8784727509821122,
      0.8924513934586771,
      0.6271319381306738,
      0.953729789448892,
      0.8772615264809147,
      0.9157911110339693,
      0.8170709456511592,
      0.8536346322662356,
      0.6524119707267919,
      0.6073067114897702
    ]
  }
}