{
  "config": "sweep_bonus_0p25",
  "seed": 1,
  "converged": false,
  "converged_at": null,
  "episodes_trained": 3000,
  "training_time_s": 3036.0606451034546,
  "eval_mean_reward": -0.8969707893020857,
  "eval_std_reward": 0.11464708105227485,
  "eval_mean_accuracy": 0.15756057153340824,
  "eval_std_accuracy": 0.020712282023409512,
  "eval_mean_honest_pct": 0.9989567133099928,
  "eval_std_honest_pct": 0.0019145007929538217,
  "final_env_metrics": {
    "mean_score": 0.6459692295181206,
    "mean_true_quality": 0.8089813592857744,
    "mean_reputation_accuracy": 0.16303338022741903,
    "mean_ci_width": 0.29648242805447966,
    "total_sybils": 0,
    "total_disputes_filed": 0,
    "total_ratings": 523,
    "attacks_attempted": 5,
    "attacks_blocked": 5,
    "defense_hold_rate": 1.0,
    "defense_by_type": {
      "7": 0,
      "8": 0,
      "9": 0,
      "10": 5,
      "11": 0
    },
    "stakes": {
      "agent_0": 18000.0,
      "agent_1": 18000.0,
      "agent_2": 18000.0,
      "agent_3": 18000.0,
      "agent_4": 18000.0,
      "agent_5": 20000.0,
      "agent_6": 20000.0,
      "agent_7": 20000.0,
      "agent_8": 20000.0,
      "agent_9": 20000.0,
      "agent_10": 20000.0,
      "agent_11": 20000.0,
      "agent_12": 20000.0,
      "agent_13": 20000.0,
      "agent_14": 20000.0,
      "agent_15": 20000.0,
      "agent_16": 20000.0,
      "agent_17": 20000.0,
      "agent_18": 20000.0,
      "agent_19": 20000.0
    }
  }
}