{
  "config": "sweep_bonus_4p0",
  "seed": 1,
  "converged": true,
  "converged_at": 8586,
  "episodes_trained": 8586,
  "training_time_s": 8967.50061583519,
  "eval_mean_reward": 0.5234365376096934,
  "eval_std_reward": 0.06447277905147374,
  "eval_mean_accuracy": 0.4714404006289147,
  "eval_std_accuracy": 0.045882907879851,
  "eval_mean_honest_pct": 1.0,
  "eval_std_honest_pct": 0.0,
  "final_env_metrics": {
    "mean_score": 0.3687578683760996,
    "mean_true_quality": 0.7879369937305827,
    "mean_reputation_accuracy": 0.4250052174650539,
    "mean_ci_width": 0.16476322630305096,
    "total_sybils": 0,
    "total_disputes_filed": 0,
    "total_ratings": 1997,
    "attacks_attempted": 0,
    "attacks_blocked": 0,
    "defense_hold_rate": 0.0,
    "defense_by_type": {
      "7": 0,
      "8": 0,
      "9": 0,
      "10": 0,
      "11": 0
    },
    "stakes": {
      "agent_0": 20000.0,
      "agent_1": 20000.0,
      "agent_2": 20000.0,
      "agent_3": 20000.0,
      "agent_4": 20000.0,
      "agent_5": 20000.0,
      "agent_6": 20000.0,
      "agent_7": 20000.0,
      "agent_8": 20000.0,
      "agent_9": 20000.0,
      "agent_10": 20000.0,
      "agent_11": 20000.0,
      "agent_12": 20000.0,
      "agent_13": 20000.0,
      "agent_14": 20000.0,
      "agent_15": 20000.0,
      "agent_16": 20000.0,
      "agent_17": 20000.0,
      "agent_18": 20000.0,
      "agent_19": 20000.0
    },
    "agent_scores": [
      0.4446271818857418,
      0.2988354385918917,
      0.30273383096509543,
      0.3406741328369198,
      0.4426389883393846,
      0.25024407368220675,
      0.42674318335018724,
      0.39552506989139324,
      0.3875931961543638,
      0.45492143672166685,
      0.34257350759439026,
      0.3445064428291793,
      0.3303204873382643,
      0.5555465997268118,
      0.35076812027941734,
      0.23326720782432744,
      0.3446529533798273,
      0.4076918546859519,
      0.4383757517365856,
      0.2829179097083846
    ],
    "agent_true_qualities": [
      0.6257388924788344,
      0.9249927760166906,
      0.8447705593956943,
      0.7836556733946388,
      0.7956289457132455,
      0.9367764718756935,
      0.7808117182284727,
      0.7936637337840909,
      0.7787362434578426,
      0.662956295681257,
      0.7282081216327705,
      0.8559929345279241,
      0.8807063688057118,
      0.49728567862110556,
      0.9087848753506705,
      0.8850602966746305,
      0.8223640093678503,
      0.8362925590584066,
      0.6117155574673622,
      0.8045981630787621
    ]
  }
}