{
  "config": "sweep_bonus_4p0",
  "description": "partial (2 seeds)",
  "n_seeds": 2,
  "converged_count": 2,
  "mean_eval_reward": -0.01353241320590437,
  "std_eval_reward": 0.5369689508155978,
  "mean_eval_accuracy": 0.3774119097582064,
  "std_eval_accuracy": 0.0940284908707083,
  "mean_honest_pct": 1.0,
  "std_honest_pct": 0.0
}