{
  "config": "sweep_bonus_1p0",
  "seed": 0,
  "converged": false,
  "converged_at": null,
  "episodes_trained": 20000,
  "training_time_s": 21963.462733745575,
  "eval_mean_reward": 0.14168170248196252,
  "eval_std_reward": 0.039262939151812434,
  "eval_mean_accuracy": 0.18199395315299452,
  "eval_std_accuracy": 0.013273169907409187,
  "eval_mean_honest_pct": 0.9999493927125507,
  "eval_std_honest_pct": 0.00022059205179862524,
  "final_env_metrics": {
    "mean_score": 0.6353718132271078,
    "mean_true_quality": 0.8260971187971464,
    "mean_reputation_accuracy": 0.1972753514616011,
    "mean_ci_width": 0.23046895362066627,
    "total_sybils": 0,
    "total_disputes_filed": 0,
    "total_ratings": 978,
    "attacks_attempted": 0,
    "attacks_blocked": 0,
    "defense_hold_rate": 0.0,
    "defense_by_type": {
      "7": 0,
      "8": 0,
      "9": 0,
      "10": 0,
      "11": 0
    },
    "stakes": {
      "agent_0": 20000.0,
      "agent_1": 20000.0,
      "agent_2": 20000.0,
      "agent_3": 20000.0,
      "agent_4": 20000.0,
      "agent_5": 20000.0,
      "agent_6": 20000.0,
      "agent_7": 20000.0,
      "agent_8": 20000.0,
      "agent_9": 20000.0,
      "agent_10": 20000.0,
      "agent_11": 20000.0,
      "agent_12": 20000.0,
      "agent_13": 20000.0,
      "agent_14": 20000.0,
      "agent_15": 20000.0,
      "agent_16": 20000.0,
      "agent_17": 20000.0,
      "agent_18": 20000.0,
      "agent_19": 20000.0
    },
    "agent_scores": [
      0.554507625402511,
      0.6181238700198842,
      0.658739155037696,
      0.6490611951587029,
      0.6495588766857577,
      0.547916572957486,
      0.5136859913293185,
      0.6157873205805635,
      0.494278930332853,
      0.7083621429400954,
      0.6611719533178345,
      0.6645039087093928,
      0.6498875426340023,
      0.7304683046041679,
      0.6622409979401804,
      0.6591877875983497,
      0.6645559517570081,
      0.712730870987648,
      0.7043258632343103,
      0.5883414033143957
    ],
    "agent_true_qualities": [
      0.6786080996690143,
      0.6774527365056141,
      0.7809455679688233,
      0.7943238759035752,
      0.9443895818620573,
      0.8632403544060435,
      0.9414329279352894,
      0.860045033130422,
      0.6295410272432809,
      0.8581784197813491,
      0.9779181825268104,
      0.7907059360641434,
      0.8845341071068522,
      0.8732259579110412,
      0.8526087538858796,
      0.8415453196616666,
      0.9461212948920898,
      0.915220138100687,
      0.8890641169895201,
      0.5228409443987712
    ]
  }
}