{
  "config": "sweep_bonus_0p1",
  "seed": 1,
  "converged": true,
  "converged_at": 6510,
  "episodes_trained": 6510,
  "training_time_s": 6622.505022764206,
  "eval_mean_reward": 0.007097063282039365,
  "eval_std_reward": 0.0013319170719782998,
  "eval_mean_accuracy": 0.5983445599588637,
  "eval_std_accuracy": 0.05244744770898038,
  "eval_mean_honest_pct": 1.0,
  "eval_std_honest_pct": 0.0,
  "final_env_metrics": {
    "mean_score": 0.21044779690857238,
    "mean_true_quality": 0.8150194206357279,
    "mean_reputation_accuracy": 0.6045716237271554,
    "mean_ci_width": 0.16534983329415603,
    "total_sybils": 0,
    "total_disputes_filed": 0,
    "total_ratings": 2000,
    "attacks_attempted": 0,
    "attacks_blocked": 0,
    "defense_hold_rate": 0.0,
    "defense_by_type": {
      "7": 0,
      "8": 0,
      "9": 0,
      "10": 0,
      "11": 0
    },
    "stakes": {
      "agent_0": 20000.0,
      "agent_1": 20000.0,
      "agent_2": 20000.0,
      "agent_3": 20000.0,
      "agent_4": 20000.0,
      "agent_5": 20000.0,
      "agent_6": 20000.0,
      "agent_7": 20000.0,
      "agent_8": 20000.0,
      "agent_9": 20000.0,
      "agent_10": 20000.0,
      "agent_11": 20000.0,
      "agent_12": 20000.0,
      "agent_13": 20000.0,
      "agent_14": 20000.0,
      "agent_15": 20000.0,
      "agent_16": 20000.0,
      "agent_17": 20000.0,
      "agent_18": 20000.0,
      "agent_19": 20000.0
    },
    "agent_scores": [
      0.08580713143557882,
      0.33346908357199,
      0.12977554200071342,
      0.18038502112633661,
      0.34719216410146797,
      0.36442692353255624,
      0.10458736284572206,
      0.16601618070238253,
      0.31051806262939124,
      0.24122012156406392,
      0.4404630816781778,
      0.18271027737004583,
      0.10898262991460236,
      0.18717402046358808,
      0.17712479195868377,
      0.21257787297378625,
      0.21901766512301998,
      0.1415904605123481,
      0.10657968752011586,
      0.1693378571468778
    ],
    "agent_true_qualities": [
      0.945430190765513,
      0.6933146646159876,
      0.9483067803370441,
      0.8238427884151233,
      0.736007909555561,
      0.6545152628044468,
      0.9342591287837699,
      0.8719075391504723,
      0.7213155469352168,
      0.784568410470492,
      0.5163402124766556,
      0.8646853855717819,
      0.9003743554259873,
      0.8146967596149667,
      0.8479475979796958,
      0.8151641495826273,
      0.8066950577959847,
      0.8587426812837794,
      0.9087504354112276,
      0.8535235557382247
    ]
  }
}