{
  "config": "sweep_bonus_0p25",
  "seed": 1,
  "converged": false,
  "converged_at": null,
  "episodes_trained": 20000,
  "training_time_s": 20529.952548265457,
  "eval_mean_reward": -0.17845007769772664,
  "eval_std_reward": 0.2283907223687457,
  "eval_mean_accuracy": 0.5770955579679695,
  "eval_std_accuracy": 0.04267470391944803,
  "eval_mean_honest_pct": 0.9942036640078047,
  "eval_std_honest_pct": 0.024947523431562736,
  "final_env_metrics": {
    "mean_score": 0.25355098905257645,
    "mean_true_quality": 0.7775317424172876,
    "mean_reputation_accuracy": 0.5579693016768689,
    "mean_ci_width": 0.24244278876902295,
    "total_sybils": 0,
    "total_disputes_filed": 0,
    "total_ratings": 821,
    "attacks_attempted": 2,
    "attacks_blocked": 2,
    "defense_hold_rate": 1.0,
    "defense_by_type": {
      "7": 0,
      "8": 1,
      "9": 0,
      "10": 1,
      "11": 0
    },
    "stakes": {
      "agent_0": 20000.0,
      "agent_1": 16200.0,
      "agent_2": 20000.0,
      "agent_3": 20000.0,
      "agent_4": 20000.0,
      "agent_5": 20000.0,
      "agent_6": 20000.0,
      "agent_7": 20000.0,
      "agent_8": 20000.0,
      "agent_9": 20000.0,
      "agent_10": 20000.0,
      "agent_11": 20000.0,
      "agent_12": 20000.0,
      "agent_13": 20000.0,
      "agent_14": 20000.0,
      "agent_15": 20000.0,
      "agent_16": 20000.0,
      "agent_17": 20000.0,
      "agent_18": 20000.0,
      "agent_19": 20000.0
    },
    "agent_scores": [
      0.3655013984621653,
      0.10529533443039774,
      0.18502857320924068,
      0.20224711703910203,
      0.1338412954285533,
      0.0626683678476813,
      0.2327503333387773,
      0.2979317139064934,
      0.3180274436583604,
      0.15866233127343085,
      0.1905811748823041,
      0.24179682578646666,
      0.32060068473114417,
      0.34791826518360836,
      0.16916521375025195,
      0.7071292866223831,
      0.21680843186433352,
      0.48785174425884076,
      0.09876008730004228,
      0.228454158077953
    ],
    "agent_true_qualities": [
      0.7343550611934214,
      0.8708035357649261,
      0.8510970808089455,
      0.810236677578408,
      0.8446831110305224,
      0.9360516255783441,
      0.7782582551389392,
      0.7595130808901729,
      0.6837512992384981,
      0.8971558620390885,
      0.8538246421152743,
      0.8151812911924338,
      0.7413756719513961,
      0.6432316732555607,
      0.8602838437939544,
      0.36724380350080527,
      0.768431262881346,
      0.6191328582490073,
      0.9513330770432306,
      0.764691135101477
    ]
  }
}