{
  "config": "sweep_bonus_0p5",
  "seed": 1,
  "converged": false,
  "converged_at": null,
  "episodes_trained": 20000,
  "training_time_s": 20742.252673625946,
  "eval_mean_reward": -0.24119404177274295,
  "eval_std_reward": 0.37334079520421753,
  "eval_mean_accuracy": 0.5770599120903412,
  "eval_std_accuracy": 0.03993858869958702,
  "eval_mean_honest_pct": 0.9951150561838918,
  "eval_std_honest_pct": 0.019650779943182022,
  "final_env_metrics": {
    "mean_score": 0.21854918517953742,
    "mean_true_quality": 0.7823129291182956,
    "mean_reputation_accuracy": 0.5677646411339261,
    "mean_ci_width": 0.24914317518988952,
    "total_sybils": 0,
    "total_disputes_filed": 0,
    "total_ratings": 779,
    "attacks_attempted": 1,
    "attacks_blocked": 1,
    "defense_hold_rate": 1.0,
    "defense_by_type": {
      "7": 0,
      "8": 0,
      "9": 0,
      "10": 1,
      "11": 0
    },
    "stakes": {
      "agent_0": 20000.0,
      "agent_1": 18000.0,
      "agent_2": 20000.0,
      "agent_3": 20000.0,
      "agent_4": 20000.0,
      "agent_5": 20000.0,
      "agent_6": 20000.0,
      "agent_7": 20000.0,
      "agent_8": 20000.0,
      "agent_9": 20000.0,
      "agent_10": 20000.0,
      "agent_11": 20000.0,
      "agent_12": 20000.0,
      "agent_13": 20000.0,
      "agent_14": 20000.0,
      "agent_15": 20000.0,
      "agent_16": 20000.0,
      "agent_17": 20000.0,
      "agent_18": 20000.0,
      "agent_19": 20000.0
    },
    "agent_scores": [
      0.14480202265692693,
      0.16511582197108557,
      0.2338649055570272,
      0.3572795665175067,
      0.15228126288842941,
      0.2393172524480048,
      0.05076103457795616,
      0.11189424211740022,
      0.07358950879138754,
      0.1689173267698148,
      0.4776533154864033,
      0.37912252500602445,
      0.2429017822332765,
      0.3446249785184443,
      0.2950664928059167,
      0.15820295994612918,
      0.0958768496405787,
      0.1399527967952965,
      0.1968817497006961,
      0.3428773091624428
    ],
    "agent_true_qualities": [
      0.9180553141527462,
      0.8544128277975324,
      0.7557215562648084,
      0.7365019234508721,
      0.7942290279854469,
      0.7606889210731358,
      0.9609891605432425,
      0.9401673563819883,
      0.8807625326122921,
      0.8727589485068237,
      0.43764434353472487,
      0.6249306685552111,
      0.7840427853279881,
      0.6869579506318326,
      0.6269534924251632,
      0.7569399526763244,
      0.9080034059410867,
      0.9246167915527036,
      0.8170394407564117,
      0.6048421821955787
    ]
  }
}