{
  "config": "sweep_bonus_2p0",
  "seed": 2,
  "converged": false,
  "converged_at": null,
  "episodes_trained": 20000,
  "training_time_s": 18804.91827917099,
  "eval_mean_reward": -1.2632570519781319,
  "eval_std_reward": 2.576014041762764,
  "eval_mean_accuracy": 0.1624454620280999,
  "eval_std_accuracy": 0.016342308603370194,
  "eval_mean_honest_pct": 0.9922040113499879,
  "eval_std_honest_pct": 0.008683016841439356,
  "final_env_metrics": {
    "mean_score": 0.6408483856172563,
    "mean_true_quality": 0.7903024259434578,
    "mean_reputation_accuracy": 0.1509723301947214,
    "mean_ci_width": 0.19269743721748123,
    "total_sybils": 0,
    "total_disputes_filed": 7,
    "total_ratings": 1373,
    "attacks_attempted": 9,
    "attacks_blocked": 4,
    "defense_hold_rate": 0.4444444444444444,
    "defense_by_type": {
      "7": 0,
      "8": 0,
      "9": 0,
      "10": 0,
      "11": 4
    },
    "stakes": {
      "agent_0": 20000.0,
      "agent_1": 20000.0,
      "agent_2": 6276.2119218,
      "agent_3": 19900.0,
      "agent_4": 20000.0,
      "agent_5": 20000.0,
      "agent_6": 20000.0,
      "agent_7": 20000.0,
      "agent_8": 20000.0,
      "agent_9": 20000.0,
      "agent_10": 20000.0,
      "agent_11": 20000.0,
      "agent_12": 20000.0,
      "agent_13": 20000.0,
      "agent_14": 20000.0,
      "agent_15": 20000.0,
      "agent_16": 20000.0,
      "agent_17": 20000.0,
      "agent_18": 20000.0,
      "agent_19": 20000.0
    },
    "agent_scores": [
      0.5738912236327178,
      0.7284888703575282,
      0.8295642854856408,
      0.39252597795551986,
      0.5904414782018607,
      0.537171955700044,
      0.7215826464758505,
      0.6453545553054455,
      0.6652701674301227,
      0.7954720143627187,
      0.5733711375925344,
      0.6720576892332831,
      0.6048144968369371,
      0.7852462387967534,
      0.4849435711534341,
      0.713719126767499,
      0.6432238600698483,
      0.6774393779362307,
      0.5762384579821842,
      0.6061505810689735
    ],
    "agent_true_qualities": [
      0.7938278478215327,
      0.8170532908319276,
      0.8143813868004424,
      0.5330567564228235,
      0.7357912374666303,
      0.6777990754606731,
      0.9339487990478362,
      0.8497899786990843,
      0.7378751059021009,
      0.9642565103374775,
      0.6660200161848244,
      0.8662838391905451,
      0.8305397289556451,
      0.9127235958703689,
      0.593914631103871,
      0.7939110155217953,
      0.8072106921233319,
      0.8761692028743969,
      0.7793020849638461,
      0.8221937232900051
    ]
  }
}