{
  "config": "sweep_bonus_1p0",
  "seed": 1,
  "converged": true,
  "converged_at": 5491,
  "episodes_trained": 5491,
  "training_time_s": 5636.160617351532,
  "eval_mean_reward": 0.4084198446806762,
  "eval_std_reward": 0.014846171540725185,
  "eval_mean_accuracy": 0.04228872734945677,
  "eval_std_accuracy": 0.005817026575498935,
  "eval_mean_honest_pct": 1.0,
  "eval_std_honest_pct": 0.0,
  "final_env_metrics": {
    "mean_score": 0.7966919332497644,
    "mean_true_quality": 0.8151162639017058,
    "mean_reputation_accuracy": 0.034839896346172836,
    "mean_ci_width": 0.1163872355997333,
    "total_sybils": 0,
    "total_disputes_filed": 0,
    "total_ratings": 1995,
    "attacks_attempted": 0,
    "attacks_blocked": 0,
    "defense_hold_rate": 0.0,
    "defense_by_type": {
      "7": 0,
      "8": 0,
      "9": 0,
      "10": 0,
      "11": 0
    },
    "stakes": {
      "agent_0": 20000.0,
      "agent_1": 20000.0,
      "agent_2": 20000.0,
      "agent_3": 20000.0,
      "agent_4": 20000.0,
      "agent_5": 20000.0,
      "agent_6": 20000.0,
      "agent_7": 20000.0,
      "agent_8": 20000.0,
      "agent_9": 20000.0,
      "agent_10": 20000.0,
      "agent_11": 20000.0,
      "agent_12": 20000.0,
      "agent_13": 20000.0,
      "agent_14": 20000.0,
      "agent_15": 20000.0,
      "agent_16": 20000.0,
      "agent_17": 20000.0,
      "agent_18": 20000.0,
      "agent_19": 20000.0
    },
    "agent_scores": [
      0.9311366787325661,
      0.8532623736038234,
      0.31414130542015184,
      0.8815013520309835,
      0.7111247214941745,
      0.8409210873259679,
      0.7444127102697509,
      0.933395462895641,
      0.8219808834379906,
      0.7198690221452654,
      0.7929687704725451,
      0.8003082533358783,
      0.8073140844939372,
      0.8870947672856637,
      0.7556784478166694,
      0.86844699213547,
      0.8490655175285425,
      0.6503763860273285,
      0.909184971023519,
      0.8616548775194182
    ],
    "agent_true_qualities": [
      0.9780230136181612,
      0.8236847555346402,
      0.3492281852466193,
      0.9205832895148626,
      0.7502869284274576,
      0.7879044141582614,
      0.7575142865749915,
      0.8941097859807681,
      0.8529544509796907,
      0.7784809721470837,
      0.7922289149720981,
      0.7884617340638865,
      0.8263600375743835,
      0.857405453267551,
      0.7837548878125343,
      0.9205751850502413,
      0.9120640936771904,
      0.6555790786996385,
      0.9611524133814989,
      0.9119733973525566
    ]
  }
}