{
  "config": "sweep_bonus_0p1",
  "seed": 2,
  "converged": false,
  "converged_at": null,
  "episodes_trained": 20000,
  "training_time_s": 19454.83507514,
  "eval_mean_reward": 0.02843696063376483,
  "eval_std_reward": 0.025109352681667457,
  "eval_mean_accuracy": 0.17748870290954877,
  "eval_std_accuracy": 0.026252826570359454,
  "eval_mean_honest_pct": 1.0,
  "eval_std_honest_pct": 0.0,
  "final_env_metrics": {
    "mean_score": 0.6084733815251286,
    "mean_true_quality": 0.8072274813611701,
    "mean_reputation_accuracy": 0.19875409983604111,
    "mean_ci_width": 0.26343325521327976,
    "total_sybils": 0,
    "total_disputes_filed": 0,
    "total_ratings": 696,
    "attacks_attempted": 0,
    "attacks_blocked": 0,
    "defense_hold_rate": 0.0,
    "defense_by_type": {
      "7": 0,
      "8": 0,
      "9": 0,
      "10": 0,
      "11": 0
    },
    "stakes": {
      "agent_0": 20000.0,
      "agent_1": 20000.0,
      "agent_2": 20000.0,
      "agent_3": 20000.0,
      "agent_4": 20000.0,
      "agent_5": 20000.0,
      "agent_6": 20000.0,
      "agent_7": 20000.0,
      "agent_8": 20000.0,
      "agent_9": 20000.0,
      "agent_10": 20000.0,
      "agent_11": 20000.0,
      "agent_12": 20000.0,
      "agent_13": 20000.0,
      "agent_14": 20000.0,
      "agent_15": 20000.0,
      "agent_16": 20000.0,
      "agent_17": 20000.0,
      "agent_18": 20000.0,
      "agent_19": 20000.0
    },
    "agent_scores": [
      0.6376114335369047,
      0.6593105488709512,
      0.582611280927627,
      0.5941615232819155,
      0.3440359166504324,
      0.7624497754590244,
      0.5827847502993367,
      0.6418992329804768,
      0.5329966926597294,
      0.667593174043285,
      0.5920200159842496,
      0.6478510032703302,
      0.632034070540088,
      0.584169441729644,
      0.5614222234478683,
      0.6255048330027166,
      0.6878089369670677,
      0.7072443281606509,
      0.613489155012584,
      0.5124692936776929
    ],
    "agent_true_qualities": [
      0.6993092370119981,
      0.7168653651604727,
      0.6955273499759788,
      0.7259266357998191,
      0.5886792502361378,
      0.80843840280833,
      0.7748682106802769,
      0.9447226672304799,
      0.6486198660334778,
      0.9189181741600025,
      0.8284312028847505,
      0.8955503269835372,
      0.9810101630925155,
      0.9541299569718602,
      0.8528267790511029,
      0.8582766706408919,
      0.860092764631936,
      0.7340249363569102,
      0.9272352447626053,
      0.7310964227503145
    ]
  }
}