{
  "config": "sweep_bonus_0p5",
  "seed": 0,
  "converged": false,
  "converged_at": null,
  "episodes_trained": 3000,
  "training_time_s": 2334.000149011612,
  "eval_mean_reward": 0.035335780065233816,
  "eval_std_reward": 0.008404667171188375,
  "eval_mean_accuracy": 0.5834595457139615,
  "eval_std_accuracy": 0.06056788844956473,
  "eval_mean_honest_pct": 1.0,
  "eval_std_honest_pct": 0.0,
  "final_env_metrics": {
    "mean_score": 0.22923923640087587,
    "mean_true_quality": 0.7901670274451289,
    "mean_reputation_accuracy": 0.560927791044253,
    "mean_ci_width": 0.17839757642540383,
    "total_sybils": 0,
    "total_disputes_filed": 0,
    "total_ratings": 1669,
    "attacks_attempted": 0,
    "attacks_blocked": 0,
    "defense_hold_rate": 0.0,
    "defense_by_type": {
      "7": 0,
      "8": 0,
      "9": 0,
      "10": 0,
      "11": 0
    },
    "stakes": {
      "agent_0": 20000.0,
      "agent_1": 20000.0,
      "agent_2": 20000.0,
      "agent_3": 20000.0,
      "agent_4": 20000.0,
      "agent_5": 20000.0,
      "agent_6": 20000.0,
      "agent_7": 20000.0,
      "agent_8": 20000.0,
      "agent_9": 20000.0,
      "agent_10": 20000.0,
      "agent_11": 20000.0,
      "agent_12": 20000.0,
      "agent_13": 20000.0,
      "agent_14": 20000.0,
      "agent_15": 20000.0,
      "agent_16": 20000.0,
      "agent_17": 20000.0,
      "agent_18": 20000.0,
      "agent_19": 20000.0
    }
  }
}