{
  "config": "sweep_bonus_0p5",
  "n_seeds": 2,
  "converged_count": 0,
  "mean_honest_pct": 0.9947553512446098,
  "std_honest_pct": 0.00035970493928205727,
  "mean_eval_reward": -0.47192460492914884,
  "std_eval_reward": 0.2307305631564059,
  "mean_eval_accuracy": 0.30907246524607834,
  "std_eval_accuracy": 0.2679874468442629
}