{
  "config": "sweep_bonus_1p0",
  "seed": 2,
  "converged": false,
  "converged_at": null,
  "episodes_trained": 20000,
  "training_time_s": 20176.877849578857,
  "eval_mean_reward": 0.39388242083822966,
  "eval_std_reward": 0.04586051803015655,
  "eval_mean_accuracy": 0.033784995786283946,
  "eval_std_accuracy": 0.0045414784609315775,
  "eval_mean_honest_pct": 0.9999240981360693,
  "eval_std_honest_pct": 0.0002277064845535207,
  "final_env_metrics": {
    "mean_score": 0.8325963017682831,
    "mean_true_quality": 0.8387681898042757,
    "mean_reputation_accuracy": 0.02950881088747596,
    "mean_ci_width": 0.12982353739807762,
    "total_sybils": 0,
    "total_disputes_filed": 0,
    "total_ratings": 1321,
    "attacks_attempted": 0,
    "attacks_blocked": 0,
    "defense_hold_rate": 0.0,
    "defense_by_type": {
      "7": 0,
      "8": 0,
      "9": 0,
      "10": 0,
      "11": 0
    },
    "stakes": {
      "agent_0": 20000.0,
      "agent_1": 20000.0,
      "agent_2": 20000.0,
      "agent_3": 20000.0,
      "agent_4": 20000.0,
      "agent_5": 20000.0,
      "agent_6": 20000.0,
      "agent_7": 20000.0,
      "agent_8": 20000.0,
      "agent_9": 20000.0,
      "agent_10": 20000.0,
      "agent_11": 20000.0,
      "agent_12": 20000.0,
      "agent_13": 20000.0,
      "agent_14": 20000.0,
      "agent_15": 20000.0,
      "agent_16": 20000.0,
      "agent_17": 20000.0,
      "agent_18": 20000.0,
      "agent_19": 20000.0
    },
    "agent_scores": [
      0.6821839595752643,
      0.5642430101906751,
      0.9087245241963154,
      0.9668080584602476,
      0.874987950101013,
      0.7194633030551794,
      0.9134634340795958,
      0.8664193005043274,
      0.9236192941863525,
      0.8159059297666004,
      0.9008515805446822,
      0.6838676853695768,
      0.9045563299461941,
      0.8052224261769191,
      0.8295811763202718,
      0.9005231392004376,
      0.9824524095588248,
      0.8813002536116508,
      0.7667824629273758,
      0.7609698075941579
    ],
    "agent_true_qualities": [
      0.7309221922352178,
      0.6663625073609483,
      0.8929555990636442,
      0.9592635609980131,
      0.8915521389429248,
      0.7148051263881721,
      0.8368773283513374,
      0.8587038790959595,
      0.9316128477841251,
      0.8474654290824682,
      0.9274506192998129,
      0.7387099614661835,
      0.9023062714355927,
      0.7749797655408615,
      0.8727900321201795,
      0.8311391274614457,
      0.9812528914396919,
      0.9035168317459598,
      0.7697477317903288,
      0.7429499544826479
    ]
  }
}