{
  "config": "sweep_bonus_0p25",
  "seed": 0,
  "converged": false,
  "converged_at": null,
  "episodes_trained": 20000,
  "training_time_s": 21811.565736293793,
  "eval_mean_reward": 0.015748209103661898,
  "eval_std_reward": 0.002645494988540929,
  "eval_mean_accuracy": 0.5657921107943007,
  "eval_std_accuracy": 0.042702772937318986,
  "eval_mean_honest_pct": 1.0,
  "eval_std_honest_pct": 0.0,
  "final_env_metrics": {
    "mean_score": 0.22240424282425914,
    "mean_true_quality": 0.8099197360689651,
    "mean_reputation_accuracy": 0.6237752230428674,
    "mean_ci_width": 0.20350326309777436,
    "total_sybils": 0,
    "total_disputes_filed": 0,
    "total_ratings": 1087,
    "attacks_attempted": 0,
    "attacks_blocked": 0,
    "defense_hold_rate": 0.0,
    "defense_by_type": {
      "7": 0,
      "8": 0,
      "9": 0,
      "10": 0,
      "11": 0
    },
    "stakes": {
      "agent_0": 20000.0,
      "agent_1": 20000.0,
      "agent_2": 20000.0,
      "agent_3": 20000.0,
      "agent_4": 20000.0,
      "agent_5": 20000.0,
      "agent_6": 20000.0,
      "agent_7": 20000.0,
      "agent_8": 20000.0,
      "agent_9": 20000.0,
      "agent_10": 20000.0,
      "agent_11": 20000.0,
      "agent_12": 20000.0,
      "agent_13": 20000.0,
      "agent_14": 20000.0,
      "agent_15": 20000.0,
      "agent_16": 20000.0,
      "agent_17": 20000.0,
      "agent_18": 20000.0,
      "agent_19": 20000.0
    },
    "agent_scores": [
      0.18038915031249428,
      0.11188470368729747,
      0.2687981096554994,
      0.0889440356445823,
      0.32253997412421037,
      0.1903666992852495,
      0.7310307801227147,
      0.09237309888604282,
      0.45548400365137354,
      0.3308888981905878,
      0.4658822267556925,
      0.11086002064917444,
      0.10981272028936265,
      0.05517039477239483,
      0.11749966828009983,
      0.08169708442633812,
      0.12135644102599273,
      0.22156435677329056,
      0.13762321520657245,
      0.2539192747462127
    ],
    "agent_true_qualities": [
      0.758090493527405,
      0.8966609566633673,
      0.8193435539776264,
      0.9492567672382826,
      0.7720622909359632,
      0.8201006393382857,
      0.3684334821411016,
      0.9212454213844441,
      0.5350121607553183,
      0.7125125085301859,
      0.6956901791281708,
      0.9308372537882013,
      0.8596314197579636,
      0.9613263768217851,
      0.9259081417325701,
      0.9366782854052392,
      0.8863676768203996,
      0.7910119184004851,
      0.9162200713887979,
      0.7420051236437105
    ]
  }
}