{
  "config": "sweep_bonus_4p0",
  "seed": 2,
  "converged": false,
  "converged_at": null,
  "episodes_trained": 20000,
  "training_time_s": 22028.257647275925,
  "eval_mean_reward": 0.5833565464749151,
  "eval_std_reward": 0.028949935538944274,
  "eval_mean_accuracy": 0.2772484151250082,
  "eval_std_accuracy": 0.025090901456241193,
  "eval_mean_honest_pct": 1.0,
  "eval_std_honest_pct": 0.0,
  "final_env_metrics": {
    "mean_score": 0.5319990154453607,
    "mean_true_quality": 0.8037749166466585,
    "mean_reputation_accuracy": 0.2717759012012977,
    "mean_ci_width": 0.21431238720009743,
    "total_sybils": 0,
    "total_disputes_filed": 0,
    "total_ratings": 1243,
    "attacks_attempted": 0,
    "attacks_blocked": 0,
    "defense_hold_rate": 0.0,
    "defense_by_type": {
      "7": 0,
      "8": 0,
      "9": 0,
      "10": 0,
      "11": 0
    },
    "stakes": {
      "agent_0": 20000.0,
      "agent_1": 20000.0,
      "agent_2": 20000.0,
      "agent_3": 20000.0,
      "agent_4": 20000.0,
      "agent_5": 20000.0,
      "agent_6": 20000.0,
      "agent_7": 20000.0,
      "agent_8": 20000.0,
      "agent_9": 20000.0,
      "agent_10": 20000.0,
      "agent_11": 20000.0,
      "agent_12": 20000.0,
      "agent_13": 20000.0,
      "agent_14": 20000.0,
      "agent_15": 20000.0,
      "agent_16": 20000.0,
      "agent_17": 20000.0,
      "agent_18": 20000.0,
      "agent_19": 20000.0
    },
    "agent_scores": [
      0.5605527477421429,
      0.5185412668135289,
      0.48583676458188174,
      0.5260312385468862,
      0.5695235400112185,
      0.4959592684206978,
      0.5857406186082857,
      0.6597038808430297,
      0.49937747383358605,
      0.3777962004117857,
      0.474718817477712,
      0.5541126946686018,
      0.5795210019478967,
      0.5175621957095399,
      0.5116765945020292,
      0.5799421178449631,
      0.5700749157514277,
      0.6081721869002611,
      0.5251855342927038,
      0.4399512499990355
    ],
    "agent_true_qualities": [
      0.7718871943606037,
      0.5699647631305477,
      0.6630185300954958,
      0.8098793651187134,
      0.952262182408127,
      0.8493337906743339,
      0.899639994384617,
      0.7899823355113709,
      0.6980163941220201,
      0.6607199586499007,
      0.8852883011556651,
      0.9305440369640936,
      0.8674819291935968,
      0.8035999245594906,
      0.8605269121665423,
      0.8477010958008826,
      0.8530570437338142,
      0.8756734767465286,
      0.760468984732471,
      0.7264521194243531
    ]
  }
}