{
  "config": "sweep_bonus_0p25",
  "n_seeds": 3,
  "converged_count": 0,
  "mean_honest_pct": 0.9933345710219476,
  "std_honest_pct": 0.005829587958685698,
  "mean_eval_reward": -0.952366872094233,
  "std_eval_reward": 1.2343512561501984,
  "mean_eval_accuracy": 0.3932660782215067,
  "std_eval_accuracy": 0.25202365014649186
}