{
  "config": "sweep_bonus_0p25",
  "seed": 2,
  "converged": false,
  "converged_at": null,
  "episodes_trained": 20000,
  "training_time_s": 16158.011703491211,
  "eval_mean_reward": -2.694398747688634,
  "eval_std_reward": 0.2265687471854693,
  "eval_mean_accuracy": 0.03691056590224986,
  "eval_std_accuracy": 0.006579935559458548,
  "eval_mean_honest_pct": 0.9858000490580382,
  "eval_std_honest_pct": 0.0014192627603393181,
  "final_env_metrics": {
    "mean_score": 0.7318798726909477,
    "mean_true_quality": 0.7575944409667037,
    "mean_reputation_accuracy": 0.04466667159482044,
    "mean_ci_width": 0.15156691441820752,
    "total_sybils": 0,
    "total_disputes_filed": 18,
    "total_ratings": 1437,
    "attacks_attempted": 0,
    "attacks_blocked": 0,
    "defense_hold_rate": 0.0,
    "defense_by_type": {
      "7": 0,
      "8": 0,
      "9": 0,
      "10": 0,
      "11": 0
    },
    "stakes": {
      "agent_0": 18000.0,
      "agent_1": 18000.0,
      "agent_2": 18000.0,
      "agent_3": 18000.0,
      "agent_4": 18000.0,
      "agent_5": 18000.0,
      "agent_6": 18000.0,
      "agent_7": 18000.0,
      "agent_8": 18000.0,
      "agent_9": 18000.0,
      "agent_10": 20000.0,
      "agent_11": 18000.0,
      "agent_12": 18000.0,
      "agent_13": 18000.0,
      "agent_14": 18000.0,
      "agent_15": 18000.0,
      "agent_16": 18000.0,
      "agent_17": 20000.0,
      "agent_18": 18000.0,
      "agent_19": 18000.0
    },
    "agent_scores": [
      0.9459128670003972,
      0.5226485700827551,
      0.925556579638179,
      0.8900470145935598,
      0.825397628286502,
      0.5728196782921998,
      0.6612692445403784,
      0.6571114123997142,
      0.8773332976050391,
      0.7432705000272828,
      0.6354398789874729,
      0.5011893067000931,
      0.9292248725106705,
      0.7631618719588329,
      0.6005985905955753,
      0.8186316807145435,
      0.5700050486162413,
      0.6206755742005682,
      0.784894415926005,
      0.7924094211429433
    ],
    "agent_true_qualities": [
      0.9354983621687253,
      0.5514880114255826,
      0.9122646641616396,
      0.9525306489538637,
      0.8327115100955741,
      0.5778970204827005,
      0.6711475409194848,
      0.6003309463956539,
      0.8368134987601337,
      0.8411929735911285,
      0.6707828364216556,
      0.5017567399364679,
      0.9733295220455291,
      0.6946475239253667,
      0.7384578393778009,
      0.8485452003003547,
      0.6397597666350809,
      0.6821713045511035,
      0.8230926936228488,
      0.867470215563381
    ]
  }
}