{
  "config": "sweep_bonus_0p5",
  "seed": 0,
  "converged": false,
  "converged_at": null,
  "episodes_trained": 20000,
  "training_time_s": 25099.47539281845,
  "eval_mean_reward": -0.7026551680855547,
  "eval_std_reward": 0.7791380598613108,
  "eval_mean_accuracy": 0.04108501840181545,
  "eval_std_accuracy": 0.00880121007516092,
  "eval_mean_honest_pct": 0.9943956463053277,
  "eval_std_honest_pct": 0.003920789196350447,
  "final_env_metrics": {
    "mean_score": 0.7487688866363744,
    "mean_true_quality": 0.7873080940845373,
    "mean_reputation_accuracy": 0.06272772132019307,
    "mean_ci_width": 0.16228645904486275,
    "total_sybils": 0,
    "total_disputes_filed": 0,
    "total_ratings": 1144,
    "attacks_attempted": 6,
    "attacks_blocked": 2,
    "defense_hold_rate": 0.3333333333333333,
    "defense_by_type": {
      "7": 0,
      "8": 0,
      "9": 2,
      "10": 0,
      "11": 0
    },
    "stakes": {
      "agent_0": 20000.0,
      "agent_1": 20000.0,
      "agent_2": 18000.0,
      "agent_3": 20000.0,
      "agent_4": 18000.0,
      "agent_5": 20000.0,
      "agent_6": 20000.0,
      "agent_7": 20000.0,
      "agent_8": 20000.0,
      "agent_9": 20000.0,
      "agent_10": 20000.0,
      "agent_11": 20000.0,
      "agent_12": 20000.0,
      "agent_13": 20000.0,
      "agent_14": 20000.0,
      "agent_15": 20000.0,
      "agent_16": 20000.0,
      "agent_17": 20000.0,
      "agent_18": 20000.0,
      "agent_19": 20000.0
    },
    "agent_scores": [
      0.6904630734812267,
      0.8614836200204531,
      0.9346998130722659,
      0.6352451709441639,
      0.9802212729815227,
      0.6968501569127904,
      0.8870232976846236,
      0.8091379566649806,
      0.9169352361361215,
      0.8010415104304265,
      0.7370057043865847,
      0.8992975099598298,
      0.5241828444318325,
      0.8425238120161067,
      0.7320358255060053,
      0.5547264271223905,
      0.790886452395621,
      0.7257335893118018,
      0.6100482384387335,
      0.34583622083000903
    ],
    "agent_true_qualities": [
      0.796836068394443,
      0.8633872165094063,
      0.9707827587459966,
      0.6035897234020429,
      0.995328484762397,
      0.7552574019724215,
      0.9383259041660127,
      0.7707133069064795,
      0.9105601743837816,
      0.7586466444517094,
      0.7964646338985294,
      0.8410751563867335,
      0.6582329838740817,
      0.8939949429494102,
      0.7586727496439767,
      0.6393164928152931,
      0.7260736922800949,
      0.7898474650891101,
      0.7648648345712373,
      0.5141912464875905
    ]
  }
}