{
  "config": "sweep_bonus_4p0",
  "seed": 0,
  "converged": true,
  "converged_at": 8133,
  "episodes_trained": 8133,
  "training_time_s": 11040.507179498672,
  "eval_mean_reward": -0.5505013640215022,
  "eval_std_reward": 0.4232354655950985,
  "eval_mean_accuracy": 0.2833834188874981,
  "eval_std_accuracy": 0.1113727106885801,
  "eval_mean_honest_pct": 1.0,
  "eval_std_honest_pct": 0.0,
  "final_env_metrics": {
    "mean_score": 0.6403800574946962,
    "mean_true_quality": 0.7695776555451558,
    "mean_reputation_accuracy": 0.13848543390419862,
    "mean_ci_width": 0.3967226180460191,
    "total_sybils": 0,
    "total_disputes_filed": 0,
    "total_ratings": 203,
    "attacks_attempted": 5,
    "attacks_blocked": 5,
    "defense_hold_rate": 1.0,
    "defense_by_type": {
      "7": 2,
      "8": 0,
      "9": 3,
      "10": 0,
      "11": 0
    },
    "stakes": {
      "agent_0": 18000.0,
      "agent_1": 18000.0,
      "agent_2": 18000.0,
      "agent_3": 18000.0,
      "agent_4": 18000.0,
      "agent_5": 20000.0,
      "agent_6": 20000.0,
      "agent_7": 20000.0,
      "agent_8": 20000.0,
      "agent_9": 20000.0,
      "agent_10": 20000.0,
      "agent_11": 20000.0,
      "agent_12": 20000.0,
      "agent_13": 20000.0,
      "agent_14": 20000.0,
      "agent_15": 20000.0,
      "agent_16": 20000.0,
      "agent_17": 20000.0,
      "agent_18": 20000.0,
      "agent_19": 20000.0
    },
    "agent_scores": [
      0.8640296162889315,
      0.6191155564306189,
      0.6016166629199142,
      0.6219486897417369,
      0.7037125366535281,
      0.5967815366250345,
      0.4677281744655729,
      0.7388961960496516,
      0.780685464536824,
      0.3818935160243371,
      0.6082082539834666,
      0.5339781205460067,
      0.6133454136325386,
      0.45446779100360657,
      0.601034650747859,
      0.7437764291184702,
      0.7709720366907162,
      0.5399918272872,
      0.7323183399248305,
      0.8331003372230782
    ],
    "agent_true_qualities": [
      0.8346072379463588,
      0.8232370964816081,
      0.6232242464000058,
      0.7959947917335403,
      0.7246363672768547,
      0.8801415719884292,
      0.8540306132283697,
      0.7825896209867564,
      0.8888713613951383,
      0.6335279577818215,
      0.7891805312201879,
      0.7608824741818316,
      0.5605856971434169,
      0.5445964448434083,
      0.7441244816626645,
      0.9498707116240155,
      0.7602757729850215,
      0.5743442524219661,
      0.9342588763071058,
      0.9325730032946153
    ]
  }
}